2024-05-10T07:33:21.1260597Z;4878
2024-05-10T07:33:26.0232652Z;4838
2024-05-10T07:33:35.4289922Z;9403
2024-05-10T07:33:35.5015256Z;72
2024-05-10T07:33:35.5763310Z;73
2024-05-10T07:33:35.6445755Z;67
2024-05-10T07:33:35.7098637Z;64
2024-05-10T07:33:35.7805032Z;70
2024-05-10T07:33:35.8493560Z;68
2024-05-10T07:33:35.9149450Z;65
2024-05-10T07:33:35.9804441Z;65
2024-05-10T07:33:36.0510826Z;70
2024-05-10T07:33:36.1149321Z;63
2024-05-10T07:33:36.1804819Z;65
2024-05-10T07:33:36.2612338Z;80
2024-05-10T07:33:36.3251220Z;63
2024-05-10T07:33:36.3939621Z;68
2024-05-10T07:33:36.4594743Z;65
2024-05-10T07:33:36.5233151Z;63
2024-05-10T07:33:36.5854692Z;61
2024-05-10T07:33:36.6493196Z;63
2024-05-10T07:33:36.7115499Z;61
2024-05-10T07:33:36.7775473Z;65
2024-05-10T07:33:36.8442486Z;66
2024-05-10T07:33:36.9131875Z;68
2024-05-10T07:33:36.9922648Z;78
2024-05-10T07:33:37.0610713Z;68
2024-05-10T07:33:37.1333955Z;71
2024-05-10T07:33:37.2023968Z;68
2024-05-10T07:33:37.3181680Z;105
2024-05-10T07:33:37.3937256Z;73
2024-05-10T07:33:37.4610631Z;66
2024-05-10T07:33:37.5317496Z;70
2024-05-10T07:33:37.5989086Z;66
2024-05-10T07:33:37.6771027Z;76
2024-05-10T07:33:37.7484440Z;71
2024-05-10T07:33:37.8189915Z;70
2024-05-10T07:33:37.8878254Z;68
2024-05-10T07:33:37.9601758Z;71
2024-05-10T07:33:38.0308255Z;70
2024-05-10T07:33:38.1037206Z;72
2024-05-10T07:33:38.1702423Z;66
2024-05-10T07:33:38.2340962Z;63
2024-05-10T07:33:38.2981099Z;63
2024-05-10T07:33:38.3617651Z;63
2024-05-10T07:33:38.4256558Z;63
2024-05-10T07:33:38.4914918Z;65
2024-05-10T07:33:38.5567286Z;64
2024-05-10T07:33:38.6240314Z;66
2024-05-10T07:33:38.6929150Z;68
2024-05-10T07:33:38.7600815Z;66
2024-05-10T07:33:38.8256871Z;65
2024-05-10T07:33:43.7058088Z;4878
2024-05-10T07:33:43.8085380Z;102
2024-05-10T07:33:43.8823669Z;73
2024-05-10T07:33:43.9547369Z;71
2024-05-10T07:33:44.0371248Z;81
2024-05-10T07:33:44.1209967Z;83
2024-05-10T07:33:44.1949694Z;73
2024-05-10T07:33:44.2706533Z;75
2024-05-10T07:33:44.3579271Z;86
2024-05-10T07:33:49.8416363Z;5483
2024-05-10T07:34:00.3517912Z;10509
2024-05-10T07:34:00.5221898Z;170
2024-05-10T07:34:00.5972066Z;74
2024-05-10T07:34:00.7971894Z;199
2024-05-10T07:34:01.0064113Z;208
2024-05-10T07:34:01.1886192Z;181
2024-05-10T07:34:01.4155814Z;226
2024-05-10T07:34:01.6346099Z;218
2024-05-10T07:34:01.7936415Z;158
2024-05-10T07:34:02.0499661Z;256
2024-05-10T07:34:02.2626879Z;212
2024-05-10T07:34:02.4357829Z;172
2024-05-10T07:34:02.6557548Z;219
2024-05-10T07:34:02.9190700Z;248
2024-05-10T07:34:03.0776338Z;158
2024-05-10T07:34:03.3041022Z;226
2024-05-10T07:34:03.5305990Z;226
2024-05-10T07:34:03.8036575Z;272
2024-05-10T07:34:04.0328025Z;228
2024-05-10T07:34:04.2331041Z;199
2024-05-10T07:34:05.6572905Z;1423
2024-05-10T07:34:06.0132273Z;355
2024-05-10T07:34:06.2216148Z;206
2024-05-10T07:34:06.3756632Z;153
2024-05-10T07:34:06.5376969Z;161
2024-05-10T07:34:06.7664269Z;228
2024-05-10T07:34:06.9240121Z;156
2024-05-10T07:34:07.1067127Z;182
2024-05-10T07:34:07.2739548Z;166
2024-05-10T07:34:07.5430004Z;268
2024-05-10T07:34:07.7878902Z;244
2024-05-10T07:34:08.0957662Z;307
2024-05-10T07:34:08.3340568Z;237
2024-05-10T07:34:08.4175799Z;82
2024-05-10T07:34:08.6122624Z;194
2024-05-10T07:34:08.8520106Z;224
2024-05-10T07:34:09.0741946Z;221
2024-05-10T07:34:09.3556798Z;280
2024-05-10T07:34:09.5920171Z;235
2024-05-10T07:34:09.8483030Z;255
2024-05-10T07:34:10.0737496Z;224
2024-05-10T07:34:10.2835446Z;209
2024-05-10T07:34:10.5728477Z;288
2024-05-10T07:34:10.7922538Z;218
2024-05-10T07:34:10.9983068Z;204
2024-05-10T07:34:11.1510363Z;152
2024-05-10T07:34:11.3176757Z;166
2024-05-10T07:34:11.6770731Z;359
2024-05-10T07:34:11.7813131Z;96
2024-05-10T07:34:11.9573297Z;174
2024-05-10T07:34:12.2096678Z;251
2024-05-10T07:34:12.4629430Z;244
2024-05-10T07:34:12.5999408Z;136
2024-05-10T07:34:12.8164061Z;215
2024-05-10T07:34:12.9339838Z;117
2024-05-10T07:34:13.1310528Z;193
2024-05-10T07:34:13.2886883Z;154
2024-05-10T07:34:13.5015928Z;204
2024-05-10T07:34:13.7625288Z;260
2024-05-10T07:34:14.0051275Z;234
2024-05-10T07:34:14.1862340Z;180
2024-05-10T07:34:14.3373451Z;150
2024-05-10T07:34:14.5782446Z;240
2024-05-10T07:34:14.7975704Z;216
2024-05-10T07:34:15.0961614Z;269
2024-05-10T07:34:15.2901058Z;172
2024-05-10T07:34:15.5522352Z;249
2024-05-10T07:34:15.7486862Z;196
2024-05-10T07:34:15.8909468Z;140
2024-05-10T07:34:16.1622482Z;267
2024-05-10T07:34:16.2719137Z;109
2024-05-10T07:34:16.4429391Z;170
2024-05-10T07:34:16.6332583Z;189
2024-05-10T07:34:16.8139374Z;180
2024-05-10T07:34:17.0465958Z;176
2024-05-10T07:34:17.2053310Z;130
2024-05-10T07:34:17.5748205Z;347
2024-05-10T07:34:17.8022064Z;218
2024-05-10T07:34:17.9621600Z;159
2024-05-10T07:34:18.1319753Z;169
2024-05-10T07:34:18.3468612Z;214
2024-05-10T07:34:18.6026076Z;255
2024-05-10T07:34:18.8846462Z;281
2024-05-10T07:34:19.1184927Z;233
2024-05-10T07:34:19.4379413Z;319
2024-05-10T07:34:19.7595422Z;321
2024-05-10T07:34:19.9956229Z;235
2024-05-10T07:34:20.2545766Z;258
2024-05-10T07:34:20.4932270Z;238
2024-05-10T07:34:20.7169147Z;223
2024-05-10T07:34:20.8863312Z;169
2024-05-10T07:34:21.0511700Z;164
2024-05-10T07:34:21.2107454Z;159
2024-05-10T07:34:21.3720917Z;161
2024-05-10T07:34:21.5350306Z;162
2024-05-10T07:34:21.7791444Z;243
2024-05-10T07:34:21.9821297Z;202
2024-05-10T07:34:22.1363884Z;153
2024-05-10T07:34:22.3046711Z;162
2024-05-10T07:34:22.4947431Z;188
2024-05-10T07:34:22.7115103Z;216
2024-05-10T07:34:22.9738956Z;262
2024-05-10T07:34:23.1684852Z;194
2024-05-10T07:34:23.3480378Z;178
2024-05-10T07:34:23.6055679Z;257
2024-05-10T07:34:23.8425111Z;236
2024-05-10T07:34:24.1379928Z;278
2024-05-10T07:34:24.2651951Z;76
2024-05-10T07:34:24.5171342Z;210
2024-05-10T07:34:24.6498503Z;131
2024-05-10T07:34:24.8350493Z;180
2024-05-10T07:34:25.0701385Z;234
2024-05-10T07:34:25.3000276Z;226
2024-05-10T07:34:25.4314458Z;131
2024-05-10T07:34:25.6154340Z;183
2024-05-10T07:34:25.7818783Z;165
2024-05-10T07:34:25.9733994Z;191
2024-05-10T07:34:26.1348947Z;160
2024-05-10T07:34:26.3634881Z;228
2024-05-10T07:34:26.5357063Z;171
2024-05-10T07:34:26.7118275Z;175
2024-05-10T07:34:26.8687518Z;155
2024-05-10T07:34:27.0324209Z;163
2024-05-10T07:34:27.2053480Z;172
2024-05-10T07:34:27.4943762Z;288
2024-05-10T07:34:27.7301484Z;235
2024-05-10T07:34:27.9395727Z;209
2024-05-10T07:34:28.1933359Z;253
2024-05-10T07:34:28.3445498Z;150
2024-05-10T07:34:28.6272148Z;282
2024-05-10T07:34:28.8505505Z;222
2024-05-10T07:34:29.0639071Z;212
2024-05-10T07:34:29.2867793Z;222
2024-05-10T07:34:29.5954212Z;308
2024-05-10T07:34:29.8024702Z;206
2024-05-10T07:34:29.9875520Z;184
2024-05-10T07:34:30.1765619Z;188
2024-05-10T07:34:30.3644337Z;187
2024-05-10T07:34:30.5563498Z;191
2024-05-10T07:34:30.7696593Z;212
2024-05-10T07:34:30.9461660Z;176
2024-05-10T07:34:31.0825308Z;136
2024-05-10T07:34:31.2738773Z;189
2024-05-10T07:34:31.4671523Z;192
2024-05-10T07:34:31.6956234Z;228
2024-05-10T07:34:31.9054782Z;209
2024-05-10T07:34:32.0737954Z;167
2024-05-10T07:34:32.3073751Z;233
2024-05-10T07:34:32.5476567Z;239
2024-05-10T07:34:32.8015184Z;253
2024-05-10T07:34:33.0334748Z;231
2024-05-10T07:34:33.2738256Z;240
2024-05-10T07:34:33.4528447Z;178
2024-05-10T07:34:33.7039885Z;250
2024-05-10T07:34:33.8668916Z;98
2024-05-10T07:34:34.1308074Z;263
2024-05-10T07:34:34.3778595Z;246
2024-05-10T07:34:34.5931253Z;214
2024-05-10T07:34:34.7811450Z;187
2024-05-10T07:34:34.9475635Z;166
2024-05-10T07:34:35.1156171Z;167
2024-05-10T07:34:35.3863612Z;270
2024-05-10T07:34:35.5290295Z;142
2024-05-10T07:34:35.7038404Z;174
2024-05-10T07:34:35.9010367Z;196
2024-05-10T07:34:36.0854410Z;184
2024-05-10T07:34:36.2300690Z;144
2024-05-10T07:34:36.4062278Z;175
2024-05-10T07:34:36.5490743Z;142
2024-05-10T07:34:36.7440198Z;194
2024-05-10T07:34:36.9406725Z;196
2024-05-10T07:34:37.1400764Z;198
2024-05-10T07:34:37.3911092Z;250
2024-05-10T07:34:37.6650378Z;273
2024-05-10T07:34:37.8824189Z;216
2024-05-10T07:34:38.2309208Z;348
2024-05-10T07:34:38.5658158Z;334
2024-05-10T07:34:38.7245260Z;158
2024-05-10T07:34:39.0282197Z;303
2024-05-10T07:34:39.2929970Z;264
2024-05-10T07:34:39.5035845Z;210
2024-05-10T07:34:39.7321838Z;228
2024-05-10T07:34:39.9051483Z;172
2024-05-10T07:34:40.1477236Z;242
2024-05-10T07:34:40.3493305Z;200
2024-05-10T07:34:40.5220465Z;172
2024-05-10T07:34:40.6859264Z;163
2024-05-10T07:34:40.8697845Z;183
2024-05-10T07:34:41.0452745Z;175
2024-05-10T07:34:41.2211012Z;175
2024-05-10T07:34:41.4799930Z;258
2024-05-10T07:34:41.6982896Z;217
2024-05-10T07:34:41.9103575Z;211
2024-05-10T07:34:42.0680972Z;132
2024-05-10T07:34:42.2830730Z;214
2024-05-10T07:34:42.5794961Z;294
2024-05-10T07:34:42.8378209Z;257
2024-05-10T07:34:43.0151760Z;177
2024-05-10T07:34:43.2041193Z;188
2024-05-10T07:34:43.4258280Z;220
2024-05-10T07:34:43.7020438Z;275
2024-05-10T07:34:43.9083709Z;205
2024-05-10T07:34:44.1553550Z;246
2024-05-10T07:34:44.3351575Z;179
2024-05-10T07:34:49.8412963Z;166
2024-05-10T07:34:49.9475631Z;105
2024-05-10T07:34:50.1566369Z;208
2024-05-10T07:34:50.4137410Z;256
2024-05-10T07:34:50.6977208Z;283
2024-05-10T07:34:50.9031250Z;204
2024-05-10T07:34:51.1934329Z;289
2024-05-10T07:34:51.4222009Z;228
2024-05-10T07:34:51.7715723Z;341
2024-05-10T07:34:51.9520998Z;180
2024-05-10T07:34:52.1933408Z;240
2024-05-10T07:34:52.4354556Z;241
2024-05-10T07:34:52.6464659Z;209
2024-05-10T07:34:52.8857225Z;238
2024-05-10T07:34:53.0958785Z;209
2024-05-10T07:34:53.3142801Z;218
2024-05-10T07:34:53.5288030Z;214
2024-05-10T07:34:53.7435603Z;214
2024-05-10T07:34:53.9874777Z;243
2024-05-10T07:34:54.2574547Z;269
2024-05-10T07:34:54.4973024Z;239
2024-05-10T07:34:54.7171414Z;219
2024-05-10T07:34:54.9313634Z;213
2024-05-10T07:34:55.2048090Z;272
2024-05-10T07:34:55.4186422Z;213
2024-05-10T07:34:55.6082643Z;189
2024-05-10T07:34:55.8082004Z;199
2024-05-10T07:34:56.0921763Z;283
2024-05-10T07:34:56.3291679Z;236
2024-05-10T07:34:56.5476527Z;218
2024-05-10T07:34:56.8072604Z;259
2024-05-10T07:34:57.0199150Z;212
2024-05-10T07:34:57.2736581Z;253
2024-05-10T07:34:57.4822354Z;208
2024-05-10T07:34:57.7029783Z;219
2024-05-10T07:34:57.9175267Z;214
2024-05-10T07:34:58.1341161Z;216
2024-05-10T07:34:58.3488637Z;214
2024-05-10T07:34:58.5797047Z;229
2024-05-10T07:34:58.8096908Z;229
2024-05-10T07:34:58.9915411Z;181
2024-05-10T07:34:59.1689437Z;172
2024-05-10T07:34:59.3812701Z;211
2024-05-10T07:34:59.5828764Z;200
2024-05-10T07:34:59.8021753Z;217
2024-05-10T07:35:00.0149833Z;212
2024-05-10T07:35:00.2398240Z;224
2024-05-10T07:35:00.4806954Z;240
2024-05-10T07:35:00.7136580Z;232
2024-05-10T07:35:00.9117923Z;197
2024-05-10T07:35:01.0518338Z;139
2024-05-10T07:35:01.2998874Z;247
2024-05-10T07:35:01.4728695Z;171
2024-05-10T07:35:01.8340006Z;359
2024-05-10T07:35:02.1069341Z;272
2024-05-10T07:35:02.3582691Z;250
2024-05-10T07:35:02.6900874Z;331
2024-05-10T07:35:02.9069707Z;216
2024-05-10T07:35:03.2098877Z;302
2024-05-10T07:35:03.4518692Z;241
2024-05-10T07:35:03.6494801Z;196
2024-05-10T07:35:03.8445919Z;194
2024-05-10T07:35:04.0055556Z;159
2024-05-10T07:35:04.2664093Z;260
2024-05-10T07:35:04.4428102Z;176
2024-05-10T07:35:04.6105664Z;167
2024-05-10T07:35:04.8061380Z;194
2024-05-10T07:35:04.9671196Z;160
2024-05-10T07:35:05.1402116Z;172
2024-05-10T07:35:05.3336117Z;192
2024-05-10T07:35:05.6049331Z;270
2024-05-10T07:35:05.7506609Z;145
2024-05-10T07:35:06.0020922Z;250
2024-05-10T07:35:06.2469411Z;244
2024-05-10T07:35:06.4868794Z;239
2024-05-10T07:35:06.7512515Z;263
2024-05-10T07:35:06.9670214Z;215
2024-05-10T07:35:07.1639848Z;196
2024-05-10T07:35:07.3937201Z;229
2024-05-10T07:35:07.6762890Z;282
2024-05-10T07:35:07.9245509Z;247
2024-05-10T07:35:08.1770347Z;251
2024-05-10T07:35:08.2410512Z;63
2024-05-10T07:35:08.4700690Z;228
2024-05-10T07:35:08.6558530Z;185
2024-05-10T07:35:08.8223933Z;166
2024-05-10T07:35:08.9848501Z;162
2024-05-10T07:35:09.2090768Z;223
2024-05-10T07:35:09.5496599Z;340
2024-05-10T07:35:09.8172556Z;267
2024-05-10T07:35:10.0054798Z;187
2024-05-10T07:35:10.2482071Z;242
2024-05-10T07:35:10.7135574Z;465
2024-05-10T07:35:10.9273585Z;213
2024-05-10T07:35:11.1118024Z;184
2024-05-10T07:35:11.3989347Z;286
2024-05-10T07:35:11.7696034Z;370
2024-05-10T07:35:12.0659603Z;296
2024-05-10T07:35:12.2652685Z;198
2024-05-10T07:35:12.5513197Z;285
2024-05-10T07:35:12.8154012Z;263
2024-05-10T07:35:13.0672475Z;251
2024-05-10T07:35:13.2807229Z;213
2024-05-10T07:35:13.4220209Z;134
2024-05-10T07:35:13.6216299Z;199
2024-05-10T07:35:13.7929211Z;170
2024-05-10T07:35:13.9682508Z;174
2024-05-10T07:35:14.1228134Z;153
2024-05-10T07:35:14.3550548Z;231
2024-05-10T07:35:14.5260134Z;170
2024-05-10T07:35:14.7093643Z;182
2024-05-10T07:35:14.8656175Z;155
2024-05-10T07:35:15.0504766Z;184
2024-05-10T07:35:15.2033546Z;152
2024-05-10T07:35:15.4540990Z;240
2024-05-10T07:35:15.7059034Z;251
2024-05-10T07:35:15.9463284Z;240
2024-05-10T07:35:16.0823603Z;135
2024-05-10T07:35:16.3726138Z;289
2024-05-10T07:35:16.6573019Z;284
2024-05-10T07:35:16.9160349Z;258
2024-05-10T07:35:17.1202621Z;203
2024-05-10T07:35:17.3528620Z;232
2024-05-10T07:35:17.6133897Z;260
2024-05-10T07:35:17.7595694Z;145
2024-05-10T07:35:17.9385275Z;178
2024-05-10T07:35:18.1034499Z;163
2024-05-10T07:35:18.3041945Z;198
2024-05-10T07:35:18.4687137Z;164
2024-05-10T07:35:18.6731586Z;204
2024-05-10T07:35:18.8720757Z;197
2024-05-10T07:35:19.0447193Z;172
2024-05-10T07:35:19.1951381Z;150
2024-05-10T07:35:19.3594211Z;163
2024-05-10T07:35:19.5443750Z;184
2024-05-10T07:35:19.7325010Z;187
2024-05-10T07:35:20.0131707Z;280
2024-05-10T07:35:20.2042775Z;190
2024-05-10T07:35:20.4738166Z;269
2024-05-10T07:35:20.6989092Z;224
2024-05-10T07:35:20.9110048Z;211
2024-05-10T07:35:21.1649396Z;253
2024-05-10T07:35:21.3924955Z;227
2024-05-10T07:35:21.5284630Z;135
2024-05-10T07:35:21.8113870Z;282
2024-05-10T07:35:21.9393223Z;127
2024-05-10T07:35:22.1703224Z;230
2024-05-10T07:35:22.2946656Z;124
2024-05-10T07:35:22.4700958Z;175
2024-05-10T07:35:22.5877806Z;117
2024-05-10T07:35:22.8011963Z;213
2024-05-10T07:35:22.9323165Z;130
2024-05-10T07:35:23.1017975Z;169
2024-05-10T07:35:23.3035491Z;201
2024-05-10T07:35:23.4744105Z;170
2024-05-10T07:35:23.6762973Z;201
2024-05-10T07:35:23.8986107Z;222
2024-05-10T07:35:24.0666803Z;167
2024-05-10T07:35:24.2314247Z;164
2024-05-10T07:35:24.5119966Z;280
2024-05-10T07:35:24.7509034Z;238
2024-05-10T07:35:24.9573402Z;206
2024-05-10T07:35:25.2347497Z;277
2024-05-10T07:35:25.5036557Z;268
2024-05-10T07:35:25.8026066Z;298
2024-05-10T07:35:26.0122080Z;209
2024-05-10T07:35:26.1790804Z;166
2024-05-10T07:35:26.3555535Z;176
2024-05-10T07:35:26.5561335Z;200
2024-05-10T07:35:26.7907032Z;234
2024-05-10T07:35:26.9336062Z;142
2024-05-10T07:35:27.1083929Z;174
2024-05-10T07:35:27.2865393Z;177
2024-05-10T07:35:27.4576798Z;170
2024-05-10T07:35:27.6731352Z;215
2024-05-10T07:35:27.9016222Z;227
2024-05-10T07:35:28.0260543Z;124
2024-05-10T07:35:28.2260436Z;199
2024-05-10T07:35:28.3873210Z;138
2024-05-10T07:35:28.6442297Z;256
2024-05-10T07:35:28.8801058Z;235
2024-05-10T07:35:29.1275492Z;246
2024-05-10T07:35:29.3553226Z;227
2024-05-10T07:35:29.5911429Z;235
2024-05-10T07:35:29.7788504Z;135
2024-05-10T07:35:30.0375612Z;258
2024-05-10T07:35:30.2690697Z;181
2024-05-10T07:35:30.5082256Z;238
2024-05-10T07:35:30.6929819Z;184
2024-05-10T07:35:30.9129429Z;219
2024-05-10T07:35:31.0846722Z;171
2024-05-10T07:35:31.2436035Z;157
2024-05-10T07:35:31.4361657Z;192
2024-05-10T07:35:31.6509791Z;214
2024-05-10T07:35:31.8578096Z;206
2024-05-10T07:35:32.0441882Z;186
2024-05-10T07:35:32.2270985Z;182
2024-05-10T07:35:32.4181152Z;190
2024-05-10T07:35:32.6828722Z;264
2024-05-10T07:35:32.8413338Z;158
2024-05-10T07:35:33.0680937Z;226
2024-05-10T07:35:33.2904160Z;222
2024-05-10T07:35:33.5699344Z;277
2024-05-10T07:35:33.8676359Z;296
2024-05-10T07:35:34.0826378Z;213
2024-05-10T07:35:34.2927269Z;209
2024-05-10T07:35:34.5449307Z;251
2024-05-10T07:35:34.7824741Z;236
2024-05-10T07:35:35.0523646Z;269
2024-05-10T07:35:35.2229489Z;170
2024-05-10T07:35:35.4036726Z;180
2024-05-10T07:35:35.5800496Z;176
2024-05-10T07:35:35.7684585Z;188
2024-05-10T07:35:35.9533817Z;184
2024-05-10T07:35:36.1188087Z;164
2024-05-10T07:35:36.3850433Z;265
2024-05-10T07:35:36.5426862Z;157
2024-05-10T07:35:36.6760484Z;132
2024-05-10T07:35:36.8590458Z;182
2024-05-10T07:35:37.0215760Z;161
2024-05-10T07:35:37.1850919Z;162
2024-05-10T07:35:37.3581251Z;172
2024-05-10T07:35:37.6421138Z;283
2024-05-10T07:35:37.8420919Z;199
2024-05-10T07:35:38.0202132Z;177
2024-05-10T07:35:38.2590013Z;238
2024-05-10T07:35:38.5436758Z;283
2024-05-10T07:35:38.7652134Z;221
2024-05-10T07:35:38.9655603Z;199
2024-05-10T07:35:39.1782672Z;212
2024-05-10T07:35:39.3950688Z;216
2024-05-10T07:35:39.5913932Z;195
2024-05-10T07:35:39.7511489Z;159
2024-05-10T07:35:40.0587706Z;307
2024-05-10T07:35:40.3063545Z;247
2024-05-10T07:35:40.5600294Z;246
2024-05-10T07:35:40.7277830Z;167
2024-05-10T07:35:40.8786238Z;150
2024-05-10T07:35:41.0602396Z;181
2024-05-10T07:35:41.2271091Z;166
2024-05-10T07:35:41.4239304Z;196
2024-05-10T07:35:41.6401036Z;215
2024-05-10T07:35:41.7527348Z;112
2024-05-10T07:35:41.9638893Z;210
2024-05-10T07:35:42.2450989Z;280
2024-05-10T07:35:42.4918749Z;246
2024-05-10T07:35:42.7719369Z;279
2024-05-10T07:35:43.0066385Z;234
2024-05-10T07:35:43.2368566Z;228
2024-05-10T07:35:43.4888345Z;251
2024-05-10T07:35:43.6770055Z;187
2024-05-10T07:35:43.9224151Z;245
2024-05-10T07:35:44.1050757Z;182
2024-05-10T07:35:44.2719968Z;166
2024-05-10T07:35:44.4873418Z;214
2024-05-10T07:35:44.6605641Z;172
2024-05-10T07:35:44.8360007Z;175
2024-05-10T07:35:45.0305368Z;194
2024-05-10T07:35:45.2482987Z;217
2024-05-10T07:35:45.4196818Z;171
2024-05-10T07:35:45.5862633Z;166
2024-05-10T07:35:45.8063552Z;219
2024-05-10T07:35:45.9642608Z;157
2024-05-10T07:35:46.1623475Z;197
2024-05-10T07:35:46.3708620Z;208
2024-05-10T07:35:46.6095244Z;238
2024-05-10T07:35:46.8784365Z;268
2024-05-10T07:35:47.0851138Z;206
2024-05-10T07:35:47.3410399Z;255
2024-05-10T07:35:47.5574853Z;215
2024-05-10T07:35:47.8228868Z;264
2024-05-10T07:35:47.9867329Z;162
2024-05-10T07:35:48.2548445Z;258
2024-05-10T07:35:48.3640854Z;108
2024-05-10T07:35:48.5709689Z;206
2024-05-10T07:35:48.7488887Z;177
2024-05-10T07:35:48.9175728Z;168
2024-05-10T07:35:49.1370837Z;219
2024-05-10T07:35:49.3191648Z;181
2024-05-10T07:35:49.4929667Z;172
2024-05-10T07:35:49.6479875Z;153
2024-05-10T07:35:49.8315727Z;182
2024-05-10T07:35:50.0597652Z;227
2024-05-10T07:35:50.1823932Z;89
2024-05-10T07:35:50.4142836Z;231
2024-05-10T07:35:50.5807660Z;166
2024-05-10T07:35:50.7662127Z;184
2024-05-10T07:35:50.9730724Z;206
2024-05-10T07:35:51.1756415Z;202
2024-05-10T07:35:51.4058307Z;229
2024-05-10T07:35:51.7812949Z;366
2024-05-10T07:35:52.0192695Z;237
2024-05-10T07:35:52.2558712Z;236
2024-05-10T07:35:52.4629113Z;206
2024-05-10T07:35:52.7475359Z;258
2024-05-10T07:35:52.9216787Z;173
2024-05-10T07:35:53.1538012Z;231
2024-05-10T07:35:53.3585085Z;204
2024-05-10T07:35:53.5380140Z;179
2024-05-10T07:35:53.6933568Z;154
2024-05-10T07:35:53.9148975Z;221
2024-05-10T07:35:54.0871998Z;171
2024-05-10T07:35:54.2206999Z;133
2024-05-10T07:35:54.4110188Z;190
2024-05-10T07:35:54.6139327Z;202
2024-05-10T07:35:54.7887446Z;174
2024-05-10T07:35:54.9970756Z;208
2024-05-10T07:35:55.2465139Z;249
2024-05-10T07:35:55.4760487Z;229
2024-05-10T07:35:55.7203283Z;243
2024-05-10T07:35:56.0038917Z;283
2024-05-10T07:35:56.2105982Z;206
2024-05-10T07:35:56.4926114Z;281
2024-05-10T07:35:56.7210523Z;226
2024-05-10T07:35:56.9456755Z;224
2024-05-10T07:35:57.1919253Z;245
2024-05-10T07:35:57.4440009Z;251
2024-05-10T07:35:57.6269014Z;179
2024-05-10T07:35:57.8004578Z;173
2024-05-10T07:35:57.9662791Z;165
2024-05-10T07:35:58.1582395Z;191
2024-05-10T07:35:58.3565266Z;197
2024-05-10T07:35:58.5703199Z;211
2024-05-10T07:35:58.7508989Z;179
2024-05-10T07:35:58.9520460Z;195
2024-05-10T07:35:59.1295916Z;177
2024-05-10T07:35:59.2892519Z;159
2024-05-10T07:35:59.4506001Z;160
2024-05-10T07:35:59.6416193Z;190
2024-05-10T07:35:59.8413861Z;199
2024-05-10T07:36:00.2000644Z;358
2024-05-10T07:36:00.4607832Z;260
2024-05-10T07:36:00.6959503Z;234
2024-05-10T07:36:00.9210686Z;209
2024-05-10T07:36:03.7207312Z;246
2024-05-10T07:36:03.8621047Z;141
2024-05-10T07:36:05.6282655Z;243
2024-05-10T07:36:05.7981069Z;169
2024-05-10T07:36:06.0206279Z;220
2024-05-10T07:36:06.2030198Z;180
2024-05-10T07:36:06.3393303Z;135
2024-05-10T07:36:06.5311890Z;191
2024-05-10T07:36:06.7456186Z;214
2024-05-10T07:36:06.8483712Z;102
2024-05-10T07:36:07.0367067Z;187
2024-05-10T07:36:07.2439213Z;206
2024-05-10T07:36:07.4122149Z;167
2024-05-10T07:36:07.5946312Z;181
2024-05-10T07:36:07.8043765Z;209
2024-05-10T07:36:07.9399065Z;135
2024-05-10T07:36:08.1195319Z;178
2024-05-10T07:36:08.3658255Z;245
2024-05-10T07:36:08.5958823Z;216
2024-05-10T07:36:08.8046175Z;208
2024-05-10T07:36:09.0049630Z;199
2024-05-10T07:36:09.2508713Z;245
2024-05-10T07:36:09.5472998Z;295
2024-05-10T07:36:09.7724896Z;224
2024-05-10T07:36:09.9994114Z;226
2024-05-10T07:36:10.2195524Z;214
2024-05-10T07:36:10.4278798Z;208
2024-05-10T07:36:10.5856711Z;157
2024-05-10T07:36:10.8363816Z;250
2024-05-10T07:36:11.0446665Z;206
2024-05-10T07:36:11.3555243Z;310
2024-05-10T07:36:11.5380586Z;182
2024-05-10T07:36:11.7203426Z;181
2024-05-10T07:36:11.9337720Z;212
2024-05-10T07:36:12.1446018Z;210
2024-05-10T07:36:12.2163557Z;71
2024-05-10T07:36:12.4497326Z;232
2024-05-10T07:36:12.6280395Z;177
2024-05-10T07:36:12.8882349Z;259
2024-05-10T07:36:13.1504896Z;261
2024-05-10T07:36:13.2873796Z;135
2024-05-10T07:36:13.4601934Z;172
2024-05-10T07:36:13.6677066Z;207
2024-05-10T07:36:13.8530264Z;180
2024-05-10T07:36:14.0747752Z;221
2024-05-10T07:36:14.3085383Z;231
2024-05-10T07:36:14.4881411Z;176
2024-05-10T07:36:14.7521959Z;263
2024-05-10T07:36:14.9246406Z;171
2024-05-10T07:36:15.1011369Z;175
2024-05-10T07:36:15.2460906Z;144
2024-05-10T07:36:15.3991752Z;152
2024-05-10T07:36:15.5722506Z;172
2024-05-10T07:36:15.7756072Z;202
2024-05-10T07:36:15.9959176Z;219
2024-05-10T07:36:16.1989352Z;202
2024-05-10T07:36:16.3735120Z;174
2024-05-10T07:36:16.6209001Z;246
2024-05-10T07:36:16.7802428Z;159
2024-05-10T07:36:16.9318227Z;151
2024-05-10T07:36:17.0829037Z;150
2024-05-10T07:36:17.3182831Z;234
2024-05-10T07:36:17.5265768Z;207
2024-05-10T07:36:17.7828835Z;255
2024-05-10T07:36:18.0508748Z;267
2024-05-10T07:36:18.2659773Z;214
2024-05-10T07:36:18.4778680Z;211
2024-05-10T07:36:18.7376005Z;259
2024-05-10T07:36:18.9143167Z;176
2024-05-10T07:36:19.1170455Z;202
2024-05-10T07:36:19.2860465Z;168
2024-05-10T07:36:19.4669480Z;180
2024-05-10T07:36:19.6373668Z;169
2024-05-10T07:36:19.8088152Z;171
2024-05-10T07:36:19.9684871Z;159
2024-05-10T07:36:20.1585505Z;189
2024-05-10T07:36:20.3688305Z;209
2024-05-10T07:36:20.5314889Z;162
2024-05-10T07:36:20.7514885Z;219
2024-05-10T07:36:20.8898329Z;137
2024-05-10T07:36:21.1120974Z;221
2024-05-10T07:36:21.2539705Z;141
2024-05-10T07:36:21.4426353Z;188
2024-05-10T07:36:21.7810336Z;338
2024-05-10T07:36:22.0149184Z;232
2024-05-10T07:36:22.3579799Z;342
2024-05-10T07:36:22.5988377Z;240
2024-05-10T07:36:22.8673051Z;268
2024-05-10T07:36:23.1150161Z;245
2024-05-10T07:36:23.4018326Z;286
2024-05-10T07:36:23.6405101Z;238
2024-05-10T07:36:23.8272436Z;186
2024-05-10T07:36:23.9901278Z;162
2024-05-10T07:36:24.1647861Z;174
2024-05-10T07:36:24.3183626Z;153
2024-05-10T07:36:24.4993015Z;180
2024-05-10T07:36:24.6554619Z;155
2024-05-10T07:36:24.8387213Z;182
2024-05-10T07:36:25.0498511Z;210
2024-05-10T07:36:25.2252733Z;174
2024-05-10T07:36:25.4067775Z;181
2024-05-10T07:36:25.5565360Z;149
2024-05-10T07:36:25.7729641Z;216
2024-05-10T07:36:26.0789647Z;305
2024-05-10T07:36:26.3070162Z;207
2024-05-10T07:36:26.5249100Z;216
2024-05-10T07:36:26.7479285Z;222
2024-05-10T07:36:26.9276981Z;179
2024-05-10T07:36:27.1195368Z;191
2024-05-10T07:36:27.3349471Z;214
2024-05-10T07:36:27.5545092Z;214
2024-05-10T07:36:27.7410822Z;186
2024-05-10T07:36:27.9560904Z;214
2024-05-10T07:36:28.1399120Z;183
2024-05-10T07:36:28.3312556Z;190
2024-05-10T07:36:28.4671495Z;135
2024-05-10T07:36:28.6334077Z;165
2024-05-10T07:36:28.8051740Z;171
2024-05-10T07:36:28.9669889Z;161
2024-05-10T07:36:29.1577031Z;190
2024-05-10T07:36:29.3660568Z;207
2024-05-10T07:36:29.5307989Z;164
2024-05-10T07:36:29.6383672Z;107
2024-05-10T07:36:29.8652108Z;226
2024-05-10T07:36:30.0232411Z;157
2024-05-10T07:36:30.3530840Z;329
2024-05-10T07:36:30.5895421Z;236
2024-05-10T07:36:30.8362667Z;246
2024-05-10T07:36:31.0950276Z;258
2024-05-10T07:36:31.3844877Z;289
2024-05-10T07:36:31.7351000Z;350
2024-05-10T07:36:31.9250728Z;189
2024-05-10T07:36:32.1328607Z;207
2024-05-10T07:36:32.2996306Z;166
2024-05-10T07:36:32.4785767Z;133
2024-05-10T07:36:32.7053423Z;226
2024-05-10T07:36:32.8638197Z;157
2024-05-10T07:36:33.0733556Z;209
2024-05-10T07:36:33.2536904Z;179
2024-05-10T07:36:33.4767035Z;222
2024-05-10T07:36:33.6755508Z;198
2024-05-10T07:36:33.8482660Z;172
2024-05-10T07:36:34.0498621Z;201
2024-05-10T07:36:34.2196346Z;169
2024-05-10T07:36:34.4256525Z;205
2024-05-10T07:36:34.5880625Z;162
2024-05-10T07:36:34.7908500Z;202
2024-05-10T07:36:35.0571533Z;265
2024-05-10T07:36:35.2950301Z;237
2024-05-10T07:36:35.5163889Z;221
2024-05-10T07:36:35.7169051Z;200
2024-05-10T07:36:35.9240619Z;206
2024-05-10T07:36:36.2263338Z;301
2024-05-10T07:36:36.4202582Z;193
2024-05-10T07:36:36.6136911Z;192
2024-05-10T07:36:36.7773220Z;163
2024-05-10T07:36:37.0230343Z;244
2024-05-10T07:36:37.1839807Z;160
2024-05-10T07:36:37.3421375Z;157
2024-05-10T07:36:37.5134416Z;170
2024-05-10T07:36:37.7269491Z;213
2024-05-10T07:36:37.8830888Z;155
2024-05-10T07:36:38.0775777Z;194
2024-05-10T07:36:38.2461899Z;168
2024-05-10T07:36:38.4342703Z;187
2024-05-10T07:36:38.5983810Z;163
2024-05-10T07:36:38.7670708Z;168
2024-05-10T07:36:38.9879318Z;220
2024-05-10T07:36:39.2125294Z;224
2024-05-10T07:36:39.4540773Z;241
2024-05-10T07:36:39.7249468Z;270
2024-05-10T07:36:39.9501184Z;224
2024-05-10T07:36:40.1870119Z;233
2024-05-10T07:36:40.4481400Z;260
2024-05-10T07:36:40.8284465Z;379
2024-05-10T07:36:41.0505373Z;221
2024-05-10T07:36:41.2106340Z;159
2024-05-10T07:36:41.3702393Z;159
2024-05-10T07:36:41.7349763Z;364
2024-05-10T07:36:42.0747444Z;339
2024-05-10T07:36:42.3074538Z;232
2024-05-10T07:36:42.4424154Z;134
2024-05-10T07:36:42.6542040Z;211
2024-05-10T07:36:42.8275559Z;172
2024-05-10T07:36:43.0021029Z;174
2024-05-10T07:36:43.1785320Z;176
2024-05-10T07:36:43.4019634Z;223
2024-05-10T07:36:43.5567320Z;154
2024-05-10T07:36:43.7683811Z;211
2024-05-10T07:36:44.0151059Z;246
2024-05-10T07:36:44.2528772Z;236
2024-05-10T07:36:44.5297404Z;276
2024-05-10T07:36:44.7448378Z;214
2024-05-10T07:36:44.9481273Z;202
2024-05-10T07:36:48.1221861Z;166
2024-05-10T07:36:48.4016694Z;278
2024-05-10T07:36:49.3499478Z;150
2024-05-10T07:36:49.6384659Z;288
2024-05-10T07:36:50.4893229Z;850
2024-05-10T07:36:50.6317269Z;141
2024-05-10T07:36:50.8273642Z;194
2024-05-10T07:36:50.9941925Z;165
2024-05-10T07:36:51.1544898Z;159
2024-05-10T07:36:51.3341807Z;179
2024-05-10T07:36:51.4602666Z;125
2024-05-10T07:36:51.6888876Z;228
2024-05-10T07:36:51.8905873Z;201
2024-05-10T07:36:52.0753171Z;184
2024-05-10T07:36:52.2611096Z;178
2024-05-10T07:36:52.3291135Z;67
2024-05-10T07:36:52.5797036Z;249
2024-05-10T07:36:52.7542683Z;174
2024-05-10T07:36:52.8839570Z;95
2024-05-10T07:36:53.1727804Z;288
2024-05-10T07:36:53.3971544Z;223
2024-05-10T07:36:53.6121588Z;214
2024-05-10T07:36:53.7935579Z;181
2024-05-10T07:36:54.0230554Z;229
2024-05-10T07:36:54.2120875Z;188
2024-05-10T07:36:54.4540043Z;236
2024-05-10T07:36:54.6366438Z;182
2024-05-10T07:36:54.8180057Z;180
2024-05-10T07:36:55.0221284Z;203
2024-05-10T07:36:55.2145791Z;192
2024-05-10T07:36:55.3810447Z;166
2024-05-10T07:36:55.5417261Z;156
2024-05-10T07:36:55.7407034Z;197
2024-05-10T07:36:55.9289006Z;187
2024-05-10T07:36:56.1262683Z;196
2024-05-10T07:36:56.2330560Z;106
2024-05-10T07:36:56.4464868Z;213
2024-05-10T07:36:56.6648933Z;218
2024-05-10T07:36:56.7885799Z;122
2024-05-10T07:36:56.9623596Z;173
2024-05-10T07:36:57.1706215Z;207
2024-05-10T07:36:57.4009996Z;230
2024-05-10T07:36:57.6094409Z;208
2024-05-10T07:36:57.8429441Z;233
2024-05-10T07:36:58.0917568Z;248
2024-05-10T07:36:58.2746527Z;182
2024-05-10T07:36:58.5430657Z;267
2024-05-10T07:36:58.7319090Z;188
2024-05-10T07:36:58.9897441Z;256
2024-05-10T07:36:59.0616868Z;71
2024-05-10T07:36:59.2682486Z;206
2024-05-10T07:36:59.4293683Z;160
2024-05-10T07:36:59.5874468Z;157
2024-05-10T07:36:59.7420012Z;154
2024-05-10T07:36:59.9251689Z;182
2024-05-10T07:37:00.0915308Z;165
2024-05-10T07:37:00.2999623Z;208
2024-05-10T07:37:00.4928724Z;192
2024-05-10T07:37:00.6260214Z;131
2024-05-10T07:37:00.8144603Z;187
2024-05-10T07:37:00.9178893Z;103
2024-05-10T07:37:01.1586922Z;181
2024-05-10T07:37:01.4007282Z;241
2024-05-10T07:37:01.6749883Z;273
2024-05-10T07:37:01.8699199Z;192
2024-05-10T07:37:02.1385729Z;268
2024-05-10T07:37:02.3625985Z;221
2024-05-10T07:37:02.5921918Z;229
2024-05-10T07:37:02.8442826Z;251
2024-05-10T07:37:06.6296808Z;110
2024-05-10T07:37:06.8693512Z;239
2024-05-10T07:37:07.0305391Z;160
2024-05-10T07:37:07.6513610Z;620
2024-05-10T07:37:07.7875165Z;135
2024-05-10T07:37:07.9833544Z;195
2024-05-10T07:37:08.1794289Z;195
2024-05-10T07:37:08.3161707Z;136
2024-05-10T07:37:08.4741221Z;157
2024-05-10T07:37:08.6317152Z;157
2024-05-10T07:37:08.8673630Z;234
2024-05-10T07:37:09.0321117Z;164
2024-05-10T07:37:09.2001614Z;167
2024-05-10T07:37:09.3809650Z;180
2024-05-10T07:37:09.5647914Z;183
2024-05-10T07:37:09.7415451Z;176
2024-05-10T07:37:09.9496054Z;207
2024-05-10T07:37:11.6204988Z;159
2024-05-10T07:37:11.9028971Z;282
2024-05-10T07:37:12.1074384Z;203
2024-05-10T07:37:12.4229573Z;315
2024-05-10T07:37:13.3385394Z;473
2024-05-10T07:37:13.5163626Z;177
2024-05-10T07:37:13.7460292Z;229
2024-05-10T07:37:13.8898355Z;142
2024-05-10T07:37:14.0738080Z;183
2024-05-10T07:37:14.3066160Z;231
2024-05-10T07:37:14.4707515Z;163
2024-05-10T07:37:14.6169388Z;145
2024-05-10T07:37:14.8031510Z;185
2024-05-10T07:37:14.9991749Z;195
2024-05-10T07:37:15.1795580Z;180
2024-05-10T07:37:15.3353442Z;155
2024-05-10T07:37:15.5012663Z;165
2024-05-10T07:37:15.6701744Z;168
2024-05-10T07:37:15.8467327Z;176
2024-05-10T07:37:16.0847157Z;237
2024-05-10T07:37:16.3391699Z;253
2024-05-10T07:37:16.5987393Z;259
2024-05-10T07:37:16.8012261Z;202
2024-05-10T07:37:17.0116430Z;210
2024-05-10T07:37:17.2415861Z;229
2024-05-10T07:37:17.4489204Z;204
2024-05-10T07:37:17.5876886Z;138
2024-05-10T07:37:17.8088856Z;220
2024-05-10T07:37:18.0513799Z;242
2024-05-10T07:37:18.2057853Z;154
2024-05-10T07:37:18.4566252Z;250
2024-05-10T07:37:18.7309883Z;273
2024-05-10T07:37:18.8903825Z;158
2024-05-10T07:37:19.0579410Z;166
2024-05-10T07:37:19.2350383Z;176
2024-05-10T07:37:19.4259178Z;190
2024-05-10T07:37:19.5848942Z;158
2024-05-10T07:37:19.7821873Z;196
2024-05-10T07:37:19.9154091Z;132
2024-05-10T07:37:20.0808313Z;165
2024-05-10T07:37:20.2655122Z;184
2024-05-10T07:37:20.4782924Z;212
2024-05-10T07:37:20.6750785Z;196
2024-05-10T07:37:20.9217924Z;246
2024-05-10T07:37:21.1082002Z;186
2024-05-10T07:37:21.2866857Z;178
2024-05-10T07:37:21.4409409Z;153
2024-05-10T07:37:21.7405358Z;299
2024-05-10T07:37:21.9527273Z;211
2024-05-10T07:37:22.1380281Z;184
2024-05-10T07:37:22.3732853Z;233
2024-05-10T07:37:22.5334038Z;159
2024-05-10T07:37:22.7627355Z;228
2024-05-10T07:37:22.9116034Z;148
2024-05-10T07:37:23.0953490Z;183
2024-05-10T07:37:23.2495829Z;153
2024-05-10T07:37:23.4074756Z;157
2024-05-10T07:37:23.5671695Z;154
2024-05-10T07:37:23.8883027Z;320
2024-05-10T07:37:24.1587104Z;270
2024-05-10T07:37:24.2915934Z;132
2024-05-10T07:37:24.4645284Z;172
2024-05-10T07:37:24.6309697Z;166
2024-05-10T07:37:24.8040673Z;160
2024-05-10T07:37:24.9791809Z;174
2024-05-10T07:37:25.2318654Z;252
