2024-05-09T07:29:31.9989814Z;9638
2024-05-09T07:29:36.1751136Z;4175
2024-05-09T07:29:36.4187807Z;210
2024-05-09T07:29:36.5631840Z;143
2024-05-09T07:29:36.7026892Z;139
2024-05-09T07:29:36.8489964Z;145
2024-05-09T07:29:36.9732803Z;123
2024-05-09T07:29:37.1044823Z;130
2024-05-09T07:29:37.2993148Z;194
2024-05-09T07:29:37.3884837Z;88
2024-05-09T07:29:37.5026765Z;113
2024-05-09T07:29:37.6589128Z;155
2024-05-09T07:29:37.7766276Z;117
2024-05-09T07:29:37.8875857Z;110
2024-05-09T07:29:38.1381216Z;250
2024-05-09T07:29:38.4304089Z;291
2024-05-09T07:29:38.5916950Z;160
2024-05-09T07:29:38.7429303Z;150
2024-05-09T07:29:38.9345658Z;191
2024-05-09T07:29:39.1262084Z;191
2024-05-09T07:29:39.2908010Z;164
2024-05-09T07:29:39.4269248Z;135
2024-05-09T07:29:39.6100963Z;182
2024-05-09T07:29:39.7227064Z;112
2024-05-09T07:29:39.8134282Z;90
2024-05-09T07:29:39.8840007Z;70
2024-05-09T07:29:39.9680319Z;83
2024-05-09T07:29:40.0806405Z;112
2024-05-09T07:29:40.2067430Z;125
2024-05-09T07:29:40.3881444Z;181
2024-05-09T07:29:40.4721900Z;83
2024-05-09T07:29:40.5897836Z;117
2024-05-09T07:29:40.6989927Z;108
2024-05-09T07:29:40.7915075Z;92
2024-05-09T07:29:41.3528487Z;560
2024-05-09T07:29:41.6418513Z;288
2024-05-09T07:29:41.7664572Z;124
2024-05-09T07:29:41.8405579Z;73
2024-05-09T07:29:41.9796573Z;138
2024-05-09T07:29:42.0737953Z;93
2024-05-09T07:29:42.2217246Z;147
2024-05-09T07:29:42.3982399Z;176
2024-05-09T07:29:42.5781833Z;179
2024-05-09T07:29:42.6855018Z;106
2024-05-09T07:29:42.7612228Z;75
2024-05-09T07:29:42.8366833Z;75
2024-05-09T07:29:42.9241509Z;87
2024-05-09T07:29:43.0215797Z;97
2024-05-09T07:29:43.1342151Z;112
2024-05-09T07:29:43.2602800Z;125
2024-05-09T07:29:43.3863118Z;125
2024-05-09T07:29:43.5845951Z;197
2024-05-09T07:29:43.6652618Z;80
2024-05-09T07:29:43.7340986Z;68
2024-05-09T07:29:43.8871591Z;152
2024-05-09T07:29:43.9694612Z;81
2024-05-09T07:29:44.0500738Z;80
2024-05-09T07:29:44.1423774Z;91
2024-05-09T07:29:44.2283213Z;85
2024-05-09T07:29:44.3008595Z;71
2024-05-09T07:29:44.3912283Z;89
2024-05-09T07:29:44.5004934Z;108
2024-05-09T07:29:44.6500534Z;149
2024-05-09T07:29:44.7458604Z;95
2024-05-09T07:29:44.8315300Z;85
2024-05-09T07:29:44.9208942Z;88
2024-05-09T07:29:45.0719792Z;150
2024-05-09T07:29:45.1509166Z;78
2024-05-09T07:29:45.2333161Z;82
2024-05-09T07:29:45.3046844Z;70
2024-05-09T07:29:45.3726877Z;67
2024-05-09T07:29:45.4500219Z;76
2024-05-09T07:29:45.5306653Z;80
2024-05-09T07:29:45.6282212Z;97
2024-05-09T07:29:46.0549808Z;426
2024-05-09T07:29:46.2113082Z;155
2024-05-09T07:29:46.3255790Z;113
2024-05-09T07:29:46.3961082Z;70
2024-05-09T07:29:46.4835847Z;87
2024-05-09T07:29:46.5624777Z;78
2024-05-09T07:29:46.6380769Z;75
2024-05-09T07:29:46.7086944Z;70
2024-05-09T07:29:46.7804255Z;70
2024-05-09T07:29:46.8564789Z;75
2024-05-09T07:29:46.9457114Z;88
2024-05-09T07:29:47.1053096Z;159
2024-05-09T07:29:47.1827388Z;76
2024-05-09T07:29:47.2649613Z;81
2024-05-09T07:29:47.3473415Z;82
2024-05-09T07:29:47.4162901Z;68
2024-05-09T07:29:47.5187556Z;102
2024-05-09T07:29:47.5877365Z;68
2024-05-09T07:29:47.7288081Z;140
2024-05-09T07:29:47.8027317Z;73
2024-05-09T07:29:47.8699687Z;66
2024-05-09T07:29:47.9422406Z;71
2024-05-09T07:29:48.0213048Z;78
2024-05-09T07:29:48.0935946Z;71
2024-05-09T07:29:48.1624000Z;68
2024-05-09T07:29:48.2497823Z;87
2024-05-09T07:29:48.3321513Z;81
2024-05-09T07:29:48.4128113Z;80
2024-05-09T07:29:48.6884382Z;275
2024-05-09T07:29:48.7623771Z;73
2024-05-09T07:29:48.8481195Z;85
2024-05-09T07:29:48.9555541Z;107
2024-05-09T07:29:49.0347215Z;78
2024-05-09T07:29:49.1304014Z;95
2024-05-09T07:29:49.3253563Z;194
2024-05-09T07:29:49.4177716Z;92
2024-05-09T07:29:49.4950011Z;76
2024-05-09T07:29:49.6329134Z;137
2024-05-09T07:29:49.7203829Z;87
2024-05-09T07:29:49.7908499Z;70
2024-05-09T07:29:49.8581243Z;66
2024-05-09T07:29:49.9269682Z;68
2024-05-09T07:29:50.0213262Z;93
2024-05-09T07:29:50.1807691Z;159
2024-05-09T07:29:50.3337211Z;152
2024-05-09T07:29:50.4967061Z;162
2024-05-09T07:29:50.5741478Z;76
2024-05-09T07:29:50.6580169Z;83
2024-05-09T07:29:50.7420671Z;83
2024-05-09T07:29:50.8243970Z;81
2024-05-09T07:29:50.8916263Z;66
2024-05-09T07:29:51.0008357Z;108
2024-05-09T07:29:51.0851046Z;83
2024-05-09T07:29:51.1589381Z;73
2024-05-09T07:29:51.3101537Z;150
2024-05-09T07:29:51.4814386Z;170
2024-05-09T07:29:51.5503883Z;68
2024-05-09T07:29:51.6478847Z;96
2024-05-09T07:29:51.7183476Z;70
2024-05-09T07:29:51.7990156Z;80
2024-05-09T07:29:51.8814264Z;82
2024-05-09T07:29:51.9654828Z;83
2024-05-09T07:29:52.0428168Z;76
2024-05-09T07:29:52.1621691Z;118
2024-05-09T07:29:52.2326980Z;70
2024-05-09T07:29:52.3201042Z;87
2024-05-09T07:29:52.3956829Z;75
2024-05-09T07:29:52.4863831Z;90
2024-05-09T07:29:52.5671210Z;80
2024-05-09T07:29:52.6477671Z;80
2024-05-09T07:29:52.7285126Z;80
2024-05-09T07:29:52.8343550Z;105
2024-05-09T07:29:52.9116065Z;76
2024-05-09T07:29:53.0208288Z;108
2024-05-09T07:29:53.1519772Z;107
2024-05-09T07:29:53.2544768Z;102
2024-05-09T07:29:53.4191351Z;164
2024-05-09T07:29:53.4932151Z;73
2024-05-09T07:29:53.5620503Z;68
2024-05-09T07:29:53.6277144Z;65
2024-05-09T07:29:53.7351031Z;107
2024-05-09T07:29:53.8040225Z;68
2024-05-09T07:29:53.9266772Z;122
2024-05-09T07:29:54.0006667Z;73
2024-05-09T07:29:54.0678839Z;66
2024-05-09T07:29:54.1416785Z;73
2024-05-09T07:29:54.2612440Z;119
2024-05-09T07:29:54.3737174Z;112
2024-05-09T07:29:54.4628485Z;85
2024-05-09T07:29:54.5400732Z;76
2024-05-09T07:29:54.6125863Z;71
2024-05-09T07:29:54.7198317Z;106
2024-05-09T07:29:54.8076463Z;87
2024-05-09T07:29:55.0241148Z;216
2024-05-09T07:29:55.0997561Z;75
2024-05-09T07:29:55.2005580Z;100
2024-05-09T07:29:55.2764603Z;75
2024-05-09T07:29:55.4593877Z;182
2024-05-09T07:29:55.5384011Z;78
2024-05-09T07:29:55.6105812Z;71
2024-05-09T07:29:55.6878737Z;76
2024-05-09T07:29:55.7687046Z;80
2024-05-09T07:29:55.8560474Z;86
2024-05-09T07:29:55.9332089Z;76
2024-05-09T07:29:56.0458740Z;112
2024-05-09T07:29:56.1232203Z;76
2024-05-09T07:29:56.1987280Z;75
2024-05-09T07:29:56.2946042Z;95
2024-05-09T07:29:56.3820807Z;87
2024-05-09T07:29:56.4608899Z;78
2024-05-09T07:29:56.5567586Z;95
2024-05-09T07:29:56.6356788Z;78
2024-05-09T07:29:56.8206167Z;184
2024-05-09T07:29:56.9147079Z;93
2024-05-09T07:29:56.9869860Z;71
2024-05-09T07:29:57.0558402Z;68
2024-05-09T07:29:57.1802284Z;123
2024-05-09T07:29:57.2543592Z;73
2024-05-09T07:29:57.3885428Z;133
2024-05-09T07:29:57.4608460Z;71
2024-05-09T07:29:57.5281672Z;66
2024-05-09T07:29:57.6104361Z;81
2024-05-09T07:29:58.0255370Z;414
2024-05-09T07:29:58.1063305Z;80
2024-05-09T07:29:58.2041182Z;96
2024-05-09T07:29:58.2742942Z;69
2024-05-09T07:29:58.3432838Z;68
2024-05-09T07:29:58.4103689Z;66
2024-05-09T07:29:58.4809947Z;70
2024-05-09T07:29:58.5649113Z;83
2024-05-09T07:29:58.6557394Z;90
2024-05-09T07:29:58.7397314Z;83
2024-05-09T07:29:58.8238832Z;83
2024-05-09T07:29:58.9010740Z;76
2024-05-09T07:29:58.9733656Z;71
2024-05-09T07:29:59.0455943Z;71
2024-05-09T07:29:59.1230225Z;77
2024-05-09T07:29:59.1917399Z;68
2024-05-09T07:29:59.2573360Z;65
2024-05-09T07:29:59.3278481Z;70
2024-05-09T07:29:59.4053436Z;76
2024-05-09T07:29:59.4725085Z;66
2024-05-09T07:29:59.5464745Z;73
2024-05-09T07:29:59.6136729Z;66
2024-05-09T07:29:59.6860123Z;71
2024-05-09T07:29:59.7531095Z;66
2024-05-09T07:29:59.8237303Z;70
2024-05-09T07:29:59.9177969Z;81
2024-05-09T07:29:59.9917225Z;73
2024-05-09T07:30:00.0629929Z;70
2024-05-09T07:30:00.1329304Z;69
2024-05-09T07:30:00.1984497Z;65
2024-05-09T07:30:00.2674643Z;68
2024-05-09T07:30:00.3362958Z;68
2024-05-09T07:30:00.4052691Z;68
2024-05-09T07:30:00.4744116Z;68
2024-05-09T07:30:00.5430284Z;68
2024-05-09T07:30:00.6137428Z;70
2024-05-09T07:30:00.6993837Z;85
2024-05-09T07:30:00.7739749Z;74
2024-05-09T07:30:00.8588703Z;84
2024-05-09T07:30:00.9311025Z;71
2024-05-09T07:30:00.9984205Z;66
2024-05-09T07:30:01.0692074Z;70
2024-05-09T07:30:01.1496026Z;80
2024-05-09T07:30:01.2219054Z;71
2024-05-09T07:30:01.3193049Z;97
2024-05-09T07:30:01.4556588Z;135
2024-05-09T07:30:01.5237857Z;67
2024-05-09T07:30:01.5933397Z;69
2024-05-09T07:30:01.6790264Z;85
2024-05-09T07:30:01.7478321Z;68
2024-05-09T07:30:01.8166947Z;68
2024-05-09T07:30:01.8823290Z;65
2024-05-09T07:30:01.9512816Z;68
2024-05-09T07:30:02.0169016Z;65
2024-05-09T07:30:02.1108156Z;93
2024-05-09T07:30:02.1797872Z;68
2024-05-09T07:30:02.2539252Z;73
2024-05-09T07:30:02.3377814Z;83
2024-05-09T07:30:02.4251432Z;86
2024-05-09T07:30:02.4973774Z;70
2024-05-09T07:30:02.5655572Z;67
2024-05-09T07:30:02.6402009Z;74
2024-05-09T07:30:02.7141627Z;73
2024-05-09T07:30:02.7848401Z;70
2024-05-09T07:30:02.8520348Z;66
2024-05-09T07:30:02.9335635Z;81
2024-05-09T07:30:02.9998691Z;65
2024-05-09T07:30:03.0654726Z;65
2024-05-09T07:30:03.1360260Z;69
2024-05-09T07:30:03.2149603Z;78
2024-05-09T07:30:03.2946565Z;79
2024-05-09T07:30:03.3779796Z;82
2024-05-09T07:30:03.4435494Z;65
2024-05-09T07:30:03.5099439Z;65
2024-05-09T07:30:03.5763001Z;65
2024-05-09T07:30:03.6419301Z;65
2024-05-09T07:30:03.7090959Z;66
2024-05-09T07:30:03.7778974Z;68
2024-05-09T07:30:03.8552751Z;77
2024-05-09T07:30:03.9451265Z;89
2024-05-09T07:30:04.0283906Z;82
2024-05-09T07:30:04.1023455Z;73
2024-05-09T07:30:04.1729087Z;70
2024-05-09T07:30:04.2417840Z;68
2024-05-09T07:30:04.3091048Z;66
2024-05-09T07:30:04.3781761Z;68
2024-05-09T07:30:04.4586290Z;80
2024-05-09T07:30:04.5309290Z;71
2024-05-09T07:30:04.6072064Z;75
2024-05-09T07:30:04.6770591Z;69
2024-05-09T07:30:04.7510970Z;73
2024-05-09T07:30:04.8249441Z;73
2024-05-09T07:30:04.8938200Z;68
2024-05-09T07:30:04.9846346Z;90
2024-05-09T07:30:05.0569942Z;71
2024-05-09T07:30:05.1291137Z;71
2024-05-09T07:30:05.1980367Z;68
2024-05-09T07:30:05.2635833Z;65
2024-05-09T07:30:05.3476655Z;83
2024-05-09T07:30:05.4232488Z;75
2024-05-09T07:30:05.5029060Z;79
2024-05-09T07:30:05.5722254Z;67
2024-05-09T07:30:05.6400886Z;67
2024-05-09T07:30:05.7055728Z;65
2024-05-09T07:30:05.7710408Z;65
2024-05-09T07:30:05.8620463Z;90
2024-05-09T07:30:05.9476089Z;85
2024-05-09T07:30:06.0181398Z;70
2024-05-09T07:30:06.0887776Z;70
2024-05-09T07:30:06.1610240Z;71
2024-05-09T07:30:06.2319998Z;70
2024-05-09T07:30:06.2988455Z;66
2024-05-09T07:30:06.3660488Z;66
2024-05-09T07:30:06.4298524Z;63
2024-05-09T07:30:06.4973183Z;66
2024-05-09T07:30:06.5726711Z;75
2024-05-09T07:30:06.6516770Z;78
2024-05-09T07:30:06.7357489Z;83
2024-05-09T07:30:06.8181521Z;82
2024-05-09T07:30:06.8869232Z;68
2024-05-09T07:30:06.9626229Z;75
2024-05-09T07:30:07.0334271Z;70
2024-05-09T07:30:07.1036689Z;69
2024-05-09T07:30:07.1945025Z;90
2024-05-09T07:30:07.2617428Z;66
2024-05-09T07:30:07.3322849Z;70
2024-05-09T07:30:07.4058657Z;72
2024-05-09T07:30:07.4735481Z;67
2024-05-09T07:30:07.5445606Z;70
2024-05-09T07:30:07.6096585Z;64
2024-05-09T07:30:07.6786574Z;68
2024-05-09T07:30:07.7490142Z;70
2024-05-09T07:30:07.8197245Z;70
2024-05-09T07:30:07.8855181Z;65
2024-05-09T07:30:07.9523615Z;66
2024-05-09T07:30:08.0180428Z;65
2024-05-09T07:30:08.0867516Z;68
2024-05-09T07:30:08.1591246Z;71
2024-05-09T07:30:08.2280411Z;68
2024-05-09T07:30:08.2946919Z;66
2024-05-09T07:30:08.3608343Z;65
2024-05-09T07:30:08.4364183Z;75
2024-05-09T07:30:08.5120686Z;75
2024-05-09T07:30:08.6044796Z;92
2024-05-09T07:30:08.6800909Z;75
2024-05-09T07:30:08.7599713Z;79
2024-05-09T07:30:08.8280053Z;67
2024-05-09T07:30:08.9006927Z;70
2024-05-09T07:30:08.9793451Z;78
2024-05-09T07:30:09.0516215Z;71
2024-05-09T07:30:09.1440119Z;91
2024-05-09T07:30:09.2129229Z;68
2024-05-09T07:30:09.2816878Z;68
2024-05-09T07:30:09.3527566Z;70
2024-05-09T07:30:09.4265658Z;73
2024-05-09T07:30:09.5029822Z;75
2024-05-09T07:30:09.6380744Z;134
2024-05-09T07:30:09.7087860Z;70
2024-05-09T07:30:09.7994417Z;90
2024-05-09T07:30:09.8886288Z;88
2024-05-09T07:30:09.9557129Z;66
2024-05-09T07:30:10.0246471Z;68
2024-05-09T07:30:10.0969401Z;71
2024-05-09T07:30:10.1675104Z;70
2024-05-09T07:30:10.2530209Z;83
2024-05-09T07:30:10.3237278Z;70
2024-05-09T07:30:10.3876154Z;63
2024-05-09T07:30:10.5338966Z;145
2024-05-09T07:30:10.6027276Z;68
2024-05-09T07:30:10.6884667Z;85
2024-05-09T07:30:10.7674078Z;78
2024-05-09T07:30:10.8413903Z;73
2024-05-09T07:30:10.9128208Z;71
2024-05-09T07:30:10.9965009Z;83
2024-05-09T07:30:11.0766455Z;79
2024-05-09T07:30:11.1505551Z;73
2024-05-09T07:30:11.2362654Z;85
2024-05-09T07:30:11.3504528Z;112
2024-05-09T07:30:11.4967316Z;145
2024-05-09T07:30:11.5639106Z;66
2024-05-09T07:30:11.6349118Z;70
2024-05-09T07:30:11.7051252Z;69
2024-05-09T07:30:11.7790527Z;73
2024-05-09T07:30:11.8513452Z;71
2024-05-09T07:30:11.9725709Z;120
2024-05-09T07:30:12.0585637Z;85
2024-05-09T07:30:12.1354882Z;76
2024-05-09T07:30:12.2092904Z;73
2024-05-09T07:30:12.4244284Z;214
2024-05-09T07:30:12.8161153Z;391
2024-05-09T07:30:12.9891895Z;172
2024-05-09T07:30:13.0586322Z;68
2024-05-09T07:30:13.1255975Z;66
2024-05-09T07:30:13.1959478Z;69
2024-05-09T07:30:13.2613475Z;64
2024-05-09T07:30:13.3268728Z;65
2024-05-09T07:30:13.3924151Z;65
2024-05-09T07:30:13.4579440Z;65
2024-05-09T07:30:13.5470485Z;88
2024-05-09T07:30:13.6227679Z;75
2024-05-09T07:30:13.6906159Z;67
2024-05-09T07:30:13.7675554Z;76
2024-05-09T07:30:13.8363955Z;68
2024-05-09T07:30:13.9034679Z;66
2024-05-09T07:30:13.9755693Z;71
2024-05-09T07:30:14.0447345Z;68
2024-05-09T07:30:14.1183358Z;73
2024-05-09T07:30:14.1838854Z;65
2024-05-09T07:30:14.2511664Z;66
2024-05-09T07:30:14.3166611Z;65
2024-05-09T07:30:14.3851287Z;66
2024-05-09T07:30:14.4511274Z;65
2024-05-09T07:30:14.5351944Z;83
2024-05-09T07:30:14.6005427Z;63
2024-05-09T07:30:14.6645763Z;63
2024-05-09T07:30:14.7301940Z;65
2024-05-09T07:30:14.7956832Z;65
2024-05-09T07:30:14.8695169Z;73
2024-05-09T07:30:14.9682763Z;89
2024-05-09T07:30:15.0477410Z;79
2024-05-09T07:30:15.1149278Z;66
2024-05-09T07:30:15.1821437Z;66
2024-05-09T07:30:15.2494567Z;65
2024-05-09T07:30:15.3155958Z;65
2024-05-09T07:30:15.3821823Z;66
2024-05-09T07:30:15.4494286Z;66
2024-05-09T07:30:15.5168027Z;67
2024-05-09T07:30:15.5820991Z;64
2024-05-09T07:30:15.6460519Z;63
2024-05-09T07:30:15.7132353Z;66
2024-05-09T07:30:15.8107067Z;97
2024-05-09T07:30:15.8791291Z;67
2024-05-09T07:30:15.9486274Z;69
2024-05-09T07:30:16.0543242Z;105
2024-05-09T07:30:16.1233389Z;68
2024-05-09T07:30:16.2325686Z;108
2024-05-09T07:30:16.3031199Z;70
2024-05-09T07:30:16.3721241Z;68
2024-05-09T07:30:16.4410235Z;68
2024-05-09T07:30:16.5132328Z;71
2024-05-09T07:30:16.5821162Z;68
2024-05-09T07:30:16.6510654Z;68
2024-05-09T07:30:16.7216026Z;70
2024-05-09T07:30:16.7905012Z;68
2024-05-09T07:30:16.8578229Z;66
2024-05-09T07:30:16.9283306Z;70
2024-05-09T07:30:16.9971439Z;68
2024-05-09T07:30:17.0630397Z;65
2024-05-09T07:30:17.1417616Z;78
2024-05-09T07:30:17.2114793Z;69
2024-05-09T07:30:17.2828871Z;70
2024-05-09T07:30:17.3534570Z;70
2024-05-09T07:30:17.4199196Z;66
2024-05-09T07:30:17.4962681Z;75
2024-05-09T07:30:17.6122938Z;115
2024-05-09T07:30:17.6836720Z;71
2024-05-09T07:30:17.7484329Z;64
2024-05-09T07:30:17.8156430Z;66
2024-05-09T07:30:17.8828735Z;66
2024-05-09T07:30:17.9500569Z;66
2024-05-09T07:30:18.0155644Z;65
2024-05-09T07:30:18.0828557Z;65
2024-05-09T07:30:18.1489272Z;65
2024-05-09T07:30:18.2155316Z;66
2024-05-09T07:30:18.2827911Z;66
2024-05-09T07:30:18.3533504Z;70
2024-05-09T07:30:18.4171690Z;63
2024-05-09T07:30:18.4827797Z;65
2024-05-09T07:30:18.5499886Z;66
2024-05-09T07:30:18.6149727Z;64
2024-05-09T07:30:18.6878752Z;72
2024-05-09T07:30:18.7533123Z;65
2024-05-09T07:30:18.8188189Z;65
2024-05-09T07:30:18.8827465Z;63
2024-05-09T07:30:18.9499938Z;66
2024-05-09T07:30:19.0154421Z;65
2024-05-09T07:30:19.0827162Z;66
2024-05-09T07:30:19.1516298Z;68
2024-05-09T07:30:19.2183191Z;65
2024-05-09T07:30:19.2861081Z;67
2024-05-09T07:30:19.3571939Z;70
2024-05-09T07:30:19.4221210Z;64
2024-05-09T07:30:19.4894710Z;67
2024-05-09T07:30:19.5863264Z;96
2024-05-09T07:30:19.6541546Z;67
2024-05-09T07:30:19.7196494Z;65
2024-05-09T07:30:19.7887955Z;68
2024-05-09T07:30:19.8557332Z;66
2024-05-09T07:30:19.9231156Z;65
2024-05-09T07:30:19.9904117Z;66
2024-05-09T07:30:20.0842300Z;93
2024-05-09T07:30:20.1488418Z;64
2024-05-09T07:30:20.2423390Z;92
2024-05-09T07:30:20.3179938Z;75
2024-05-09T07:30:20.3935749Z;75
2024-05-09T07:30:20.4683853Z;74
2024-05-09T07:30:20.5586356Z;89
2024-05-09T07:30:20.6351238Z;76
2024-05-09T07:30:20.7112768Z;75
2024-05-09T07:30:20.8004412Z;88
2024-05-09T07:30:20.8742498Z;72
2024-05-09T07:30:20.9891002Z;114
2024-05-09T07:30:21.0540285Z;64
2024-05-09T07:30:21.1196023Z;65
2024-05-09T07:30:21.1868426Z;65
2024-05-09T07:30:21.2530379Z;65
2024-05-09T07:30:21.3196547Z;66
2024-05-09T07:30:21.3951651Z;75
2024-05-09T07:30:21.4808663Z;85
2024-05-09T07:30:21.5517748Z;69
2024-05-09T07:30:21.6574518Z;105
2024-05-09T07:30:22.1531860Z;495
2024-05-09T07:30:22.2205220Z;66
2024-05-09T07:30:22.3016244Z;80
2024-05-09T07:30:22.3710923Z;68
2024-05-09T07:30:22.4371485Z;65
2024-05-09T07:30:22.5043596Z;66
2024-05-09T07:30:22.5869376Z;82
2024-05-09T07:30:22.7449419Z;157
2024-05-09T07:30:22.8156155Z;69
2024-05-09T07:30:22.8808169Z;64
2024-05-09T07:30:22.9479770Z;66
2024-05-09T07:30:23.0135478Z;65
2024-05-09T07:30:23.0874006Z;73
2024-05-09T07:30:23.1530019Z;65
2024-05-09T07:30:23.2202635Z;66
2024-05-09T07:30:23.2857753Z;65
2024-05-09T07:30:23.3580411Z;71
2024-05-09T07:30:23.4235831Z;65
2024-05-09T07:30:23.4962032Z;72
2024-05-09T07:30:23.5882927Z;77
2024-05-09T07:30:23.6572513Z;67
2024-05-09T07:30:23.7261022Z;68
2024-05-09T07:30:23.8240366Z;97
2024-05-09T07:30:23.8925936Z;68
2024-05-09T07:30:23.9579156Z;64
2024-05-09T07:30:24.0521432Z;93
2024-05-09T07:30:24.1193243Z;66
2024-05-09T07:30:24.1848836Z;65
2024-05-09T07:30:24.2504539Z;65
2024-05-09T07:30:24.3159886Z;65
2024-05-09T07:30:24.3814672Z;65
2024-05-09T07:30:24.4722985Z;77
2024-05-09T07:30:24.5479082Z;75
2024-05-09T07:30:24.6140940Z;65
2024-05-09T07:30:24.6788613Z;64
2024-05-09T07:30:24.7428426Z;63
2024-05-09T07:30:24.8105283Z;66
2024-05-09T07:30:24.8756201Z;64
2024-05-09T07:30:24.9495968Z;73
2024-05-09T07:30:25.0238633Z;73
2024-05-09T07:30:25.0890357Z;64
2024-05-09T07:30:25.1528423Z;63
2024-05-09T07:30:25.2166909Z;63
2024-05-09T07:30:25.2812602Z;63
2024-05-09T07:30:25.3461392Z;64
2024-05-09T07:30:25.4195846Z;71
2024-05-09T07:30:25.4839434Z;63
2024-05-09T07:30:25.5528985Z;68
2024-05-09T07:30:25.6211621Z;67
2024-05-09T07:30:25.6856342Z;63
2024-05-09T07:30:25.7746869Z;88
2024-05-09T07:30:25.9059153Z;130
2024-05-09T07:30:25.9796762Z;73
2024-05-09T07:30:26.0620523Z;82
2024-05-09T07:30:26.1393949Z;77
2024-05-09T07:30:26.2099981Z;70
2024-05-09T07:30:26.2838636Z;71
2024-05-09T07:30:26.3501354Z;65
2024-05-09T07:30:26.4199946Z;69
2024-05-09T07:30:26.4838860Z;63
2024-05-09T07:30:26.5527676Z;68
2024-05-09T07:30:26.6166307Z;63
2024-05-09T07:30:26.6856164Z;68
2024-05-09T07:30:26.7510185Z;65
2024-05-09T07:30:26.8232731Z;71
2024-05-09T07:30:26.8871909Z;63
2024-05-09T07:30:26.9544743Z;66
2024-05-09T07:30:27.0216621Z;66
2024-05-09T07:30:27.1190780Z;97
2024-05-09T07:30:27.1863268Z;66
2024-05-09T07:30:27.2552370Z;68
2024-05-09T07:30:27.3225301Z;66
2024-05-09T07:30:27.3880325Z;65
2024-05-09T07:30:27.4569629Z;68
2024-05-09T07:30:27.5276170Z;70
2024-05-09T07:30:27.5947037Z;66
2024-05-09T07:30:27.6626528Z;66
2024-05-09T07:30:27.7325296Z;69
2024-05-09T07:30:27.7979767Z;65
2024-05-09T07:30:27.8619239Z;63
2024-05-09T07:30:27.9269604Z;64
2024-05-09T07:30:27.9946375Z;67
2024-05-09T07:30:28.0601841Z;64
2024-05-09T07:30:28.1257789Z;65
2024-05-09T07:30:28.1904891Z;64
2024-05-09T07:30:28.2554351Z;64
2024-05-09T07:30:28.3224332Z;66
2024-05-09T07:30:28.3878853Z;65
2024-05-09T07:30:28.4543340Z;65
2024-05-09T07:30:28.5341465Z;69
2024-05-09T07:30:28.6001203Z;65
2024-05-09T07:30:28.6670414Z;66
2024-05-09T07:30:28.7324548Z;65
2024-05-09T07:30:28.7996336Z;66
2024-05-09T07:30:28.8619477Z;61
2024-05-09T07:30:28.9273979Z;65
2024-05-09T07:30:28.9912406Z;63
2024-05-09T07:30:29.0568252Z;65
2024-05-09T07:30:29.1223354Z;65
2024-05-09T07:30:29.1877788Z;65
2024-05-09T07:30:29.2651791Z;77
2024-05-09T07:30:29.3324307Z;66
2024-05-09T07:30:29.4266427Z;93
2024-05-09T07:30:29.4921224Z;64
2024-05-09T07:30:29.5585043Z;66
2024-05-09T07:30:29.6231923Z;64
2024-05-09T07:30:29.6886538Z;65
2024-05-09T07:30:29.7531696Z;63
2024-05-09T07:30:29.8180710Z;64
2024-05-09T07:30:29.8903387Z;67
2024-05-09T07:30:29.9558526Z;65
2024-05-09T07:30:30.0237920Z;67
2024-05-09T07:30:30.0921499Z;67
2024-05-09T07:30:30.1575849Z;64
2024-05-09T07:30:30.2230428Z;65
2024-05-09T07:30:30.2886260Z;65
2024-05-09T07:30:30.3525008Z;63
2024-05-09T07:30:30.4163246Z;63
2024-05-09T07:30:30.5031687Z;86
2024-05-09T07:30:30.5676172Z;64
2024-05-09T07:30:30.6349768Z;67
2024-05-09T07:30:30.7003457Z;64
2024-05-09T07:30:30.7669099Z;66
2024-05-09T07:30:30.8314012Z;63
2024-05-09T07:30:30.8969867Z;65
2024-05-09T07:30:30.9641874Z;66
2024-05-09T07:30:31.0280580Z;63
2024-05-09T07:30:31.0919041Z;63
2024-05-09T07:30:31.1628584Z;69
2024-05-09T07:30:31.2750868Z;89
2024-05-09T07:30:31.3575131Z;82
2024-05-09T07:30:31.4365076Z;78
2024-05-09T07:30:31.5206150Z;83
2024-05-09T07:30:31.5893724Z;68
2024-05-09T07:30:31.6532324Z;63
2024-05-09T07:30:31.7204516Z;66
2024-05-09T07:30:31.7877544Z;66
2024-05-09T07:30:31.8532058Z;65
2024-05-09T07:30:31.9205165Z;66
2024-05-09T07:30:31.9927393Z;71
2024-05-09T07:30:32.0585479Z;65
2024-05-09T07:30:32.1294071Z;70
2024-05-09T07:30:32.1960289Z;66
2024-05-09T07:30:32.2683340Z;70
2024-05-09T07:30:32.3472296Z;78
2024-05-09T07:30:32.4145346Z;66
2024-05-09T07:30:32.4822893Z;67
2024-05-09T07:30:32.5489351Z;66
2024-05-09T07:30:32.6683338Z;81
2024-05-09T07:30:32.7372449Z;67
2024-05-09T07:30:32.8044326Z;66
2024-05-09T07:30:32.8796498Z;73
2024-05-09T07:30:32.9623712Z;81
2024-05-09T07:30:33.0346528Z;71
2024-05-09T07:30:33.1052433Z;70
2024-05-09T07:30:33.1745826Z;68
2024-05-09T07:30:33.2413743Z;66
2024-05-09T07:30:33.3254150Z;83
2024-05-09T07:30:33.3893104Z;63
2024-05-09T07:30:33.4547149Z;65
2024-05-09T07:30:33.5220461Z;66
2024-05-09T07:30:33.5942747Z;71
2024-05-09T07:30:33.6648585Z;70
2024-05-09T07:30:33.7286905Z;63
2024-05-09T07:30:33.8015827Z;72
2024-05-09T07:30:33.8720925Z;69
2024-05-09T07:30:33.9372239Z;64
2024-05-09T07:30:34.0101106Z;72
2024-05-09T07:30:34.0793345Z;67
2024-05-09T07:30:34.1522201Z;72
2024-05-09T07:30:34.2464110Z;93
2024-05-09T07:30:34.3169343Z;70
2024-05-09T07:30:34.3824730Z;65
2024-05-09T07:30:34.4496998Z;66
2024-05-09T07:30:34.5169296Z;66
2024-05-09T07:30:34.5840619Z;66
2024-05-09T07:30:34.6489734Z;64
2024-05-09T07:30:34.7134480Z;63
2024-05-09T07:30:34.7773696Z;63
2024-05-09T07:30:34.8434448Z;65
2024-05-09T07:30:34.9084613Z;64
2024-05-09T07:30:34.9723075Z;63
2024-05-09T07:30:35.0361243Z;63
2024-05-09T07:30:35.1101215Z;73
2024-05-09T07:30:35.1806773Z;70
2024-05-09T07:30:35.2495812Z;68
2024-05-09T07:30:35.3160847Z;65
2024-05-09T07:30:35.3850369Z;67
2024-05-09T07:30:35.4496823Z;64
2024-05-09T07:30:35.5170309Z;66
2024-05-09T07:30:35.5891272Z;71
2024-05-09T07:30:35.6563456Z;66
2024-05-09T07:30:35.7218795Z;64
2024-05-09T07:30:35.7878433Z;65
2024-05-09T07:30:35.8529649Z;64
2024-05-09T07:30:35.9168231Z;63
2024-05-09T07:30:35.9924434Z;75
2024-05-09T07:30:36.0630236Z;70
2024-05-09T07:30:36.1303062Z;66
2024-05-09T07:30:36.2142496Z;83
2024-05-09T07:30:36.2781159Z;63
2024-05-09T07:30:36.3453154Z;66
2024-05-09T07:30:36.4129647Z;67
2024-05-09T07:30:36.4781116Z;64
2024-05-09T07:30:36.5469345Z;68
2024-05-09T07:30:36.6124375Z;65
2024-05-09T07:30:36.6814047Z;68
2024-05-09T07:30:36.7488485Z;66
2024-05-09T07:30:36.8159030Z;66
2024-05-09T07:30:36.8814220Z;65
2024-05-09T07:30:36.9519348Z;70
2024-05-09T07:30:37.0192341Z;66
2024-05-09T07:30:37.0880920Z;68
2024-05-09T07:30:37.1558148Z;67
2024-05-09T07:30:37.2253292Z;68
2024-05-09T07:30:37.3166860Z;90
2024-05-09T07:30:37.3822037Z;65
2024-05-09T07:30:37.4477410Z;65
2024-05-09T07:30:37.5150182Z;66
2024-05-09T07:30:37.5821993Z;66
2024-05-09T07:30:37.6489298Z;66
2024-05-09T07:30:37.7166508Z;66
2024-05-09T07:30:37.7854929Z;68
2024-05-09T07:30:37.8510794Z;65
2024-05-09T07:30:37.9149192Z;63
2024-05-09T07:30:37.9804426Z;65
2024-05-09T07:30:38.0446712Z;63
2024-05-09T07:30:38.1115719Z;66
2024-05-09T07:30:38.1770902Z;65
2024-05-09T07:30:38.2494616Z;71
2024-05-09T07:30:38.3167180Z;66
2024-05-09T07:30:38.3821286Z;65
2024-05-09T07:30:38.4493623Z;66
2024-05-09T07:30:38.5132312Z;63
2024-05-09T07:30:38.5796152Z;65
2024-05-09T07:30:38.6443135Z;64
2024-05-09T07:30:38.7098696Z;65
2024-05-09T07:30:38.7770101Z;66
2024-05-09T07:30:38.8459799Z;68
2024-05-09T07:30:38.9127614Z;66
2024-05-09T07:30:38.9838252Z;70
2024-05-09T07:30:39.0517936Z;67
2024-05-09T07:30:39.1165909Z;64
2024-05-09T07:30:39.1842709Z;67
2024-05-09T07:30:39.2510001Z;66
2024-05-09T07:30:39.3199423Z;68
2024-05-09T07:30:39.4073451Z;87
2024-05-09T07:30:39.4778575Z;70
2024-05-09T07:30:39.5417533Z;63
2024-05-09T07:30:39.6089528Z;66
2024-05-09T07:30:39.6736961Z;63
2024-05-09T07:30:39.7392378Z;64
2024-05-09T07:30:39.8039799Z;64
2024-05-09T07:30:39.8761550Z;71
2024-05-09T07:30:39.9635565Z;87
2024-05-09T07:30:40.0341711Z;70
2024-05-09T07:30:40.1073783Z;72
2024-05-09T07:30:40.1719468Z;64
2024-05-09T07:30:40.2374275Z;65
2024-05-09T07:30:40.3029962Z;65
2024-05-09T07:30:40.3712358Z;67
2024-05-09T07:30:40.4375059Z;65
2024-05-09T07:30:40.5046993Z;66
2024-05-09T07:30:40.5752854Z;70
2024-05-09T07:30:40.6419302Z;65
2024-05-09T07:30:40.7063113Z;63
2024-05-09T07:30:40.7738785Z;67
2024-05-09T07:30:40.8435297Z;68
2024-05-09T07:30:40.9097557Z;65
2024-05-09T07:30:40.9803028Z;70
2024-05-09T07:30:41.0474815Z;66
2024-05-09T07:30:41.1148289Z;66
2024-05-09T07:30:41.1906772Z;75
2024-05-09T07:30:41.2575260Z;66
2024-05-09T07:30:41.3264728Z;68
2024-05-09T07:30:41.4307882Z;103
2024-05-09T07:30:41.4979370Z;66
2024-05-09T07:30:41.5862774Z;87
2024-05-09T07:30:41.6509384Z;64
2024-05-09T07:30:41.7164529Z;65
2024-05-09T07:30:41.7818840Z;65
2024-05-09T07:30:41.8458378Z;63
2024-05-09T07:30:41.9298205Z;83
2024-05-09T07:30:41.9987129Z;68
2024-05-09T07:30:42.0659367Z;66
2024-05-09T07:30:42.1398114Z;73
2024-05-09T07:30:42.2045398Z;64
2024-05-09T07:30:42.2676024Z;62
2024-05-09T07:30:42.3331176Z;65
2024-05-09T07:30:42.4020495Z;68
2024-05-09T07:30:42.4725763Z;70
2024-05-09T07:30:42.5364270Z;63
2024-05-09T07:30:42.6037432Z;66
2024-05-09T07:30:42.6702440Z;65
2024-05-09T07:30:42.7392498Z;68
2024-05-09T07:30:42.8173392Z;77
2024-05-09T07:30:42.8827285Z;65
2024-05-09T07:30:42.9549766Z;71
2024-05-09T07:30:43.0204681Z;65
2024-05-09T07:30:43.0864325Z;65
2024-05-09T07:30:43.1531607Z;66
2024-05-09T07:30:43.2170472Z;63
2024-05-09T07:30:43.2826463Z;63
2024-05-09T07:30:43.3548447Z;71
2024-05-09T07:30:43.4204432Z;65
2024-05-09T07:30:43.4962522Z;75
2024-05-09T07:30:43.5615253Z;64
2024-05-09T07:30:43.6282128Z;66
2024-05-09T07:30:43.6926914Z;64
2024-05-09T07:30:43.7547740Z;61
2024-05-09T07:30:43.8187579Z;63
2024-05-09T07:30:43.8859696Z;66
2024-05-09T07:30:43.9514316Z;65
2024-05-09T07:30:44.0187628Z;66
2024-05-09T07:30:44.0825980Z;63
2024-05-09T07:30:44.1489507Z;65
2024-05-09T07:30:44.2136925Z;64
2024-05-09T07:30:44.2809299Z;65
2024-05-09T07:30:44.3505183Z;69
2024-05-09T07:30:44.4197944Z;68
2024-05-09T07:30:44.4859329Z;65
2024-05-09T07:30:44.5516711Z;65
2024-05-09T07:30:44.6169616Z;64
2024-05-09T07:30:44.6808516Z;63
2024-05-09T07:30:44.7447111Z;63
2024-05-09T07:30:44.8136098Z;67
2024-05-09T07:30:44.8959785Z;73
2024-05-09T07:30:44.9698838Z;73
2024-05-09T07:30:45.0354239Z;65
2024-05-09T07:30:45.1003859Z;64
2024-05-09T07:30:45.1767021Z;75
2024-05-09T07:30:45.2555762Z;78
2024-05-09T07:30:45.3211353Z;65
2024-05-09T07:30:45.3883568Z;65
2024-05-09T07:30:45.4545442Z;65
2024-05-09T07:30:45.5194458Z;64
2024-05-09T07:30:45.5966790Z;76
2024-05-09T07:30:45.6606241Z;63
2024-05-09T07:30:45.7261230Z;65
2024-05-09T07:30:45.7899845Z;63
2024-05-09T07:30:45.8538737Z;63
2024-05-09T07:30:45.9176822Z;63
2024-05-09T07:30:45.9900322Z;71
2024-05-09T07:30:46.0690073Z;78
2024-05-09T07:30:46.1362094Z;66
2024-05-09T07:30:46.2047411Z;68
2024-05-09T07:30:46.2891696Z;83
2024-05-09T07:30:46.3614409Z;71
2024-05-09T07:30:46.4252470Z;63
2024-05-09T07:30:46.4893078Z;62
2024-05-09T07:30:46.5546855Z;65
2024-05-09T07:30:46.6185069Z;63
2024-05-09T07:30:46.6842794Z;65
2024-05-09T07:30:46.7495901Z;64
2024-05-09T07:30:46.8169255Z;66
2024-05-09T07:30:46.8858254Z;68
2024-05-09T07:30:46.9616696Z;75
2024-05-09T07:30:47.0308948Z;68
2024-05-09T07:30:47.0959113Z;64
2024-05-09T07:30:47.1613975Z;65
2024-05-09T07:30:47.2270050Z;64
2024-05-09T07:30:47.2949443Z;67
2024-05-09T07:30:47.3680275Z;72
2024-05-09T07:30:47.4337579Z;65
2024-05-09T07:30:47.5031855Z;68
2024-05-09T07:30:47.5732320Z;69
2024-05-09T07:30:47.6420546Z;68
2024-05-09T07:30:47.7074867Z;64
2024-05-09T07:30:47.7747676Z;66
2024-05-09T07:30:47.8419403Z;66
2024-05-09T07:30:47.9075257Z;64
2024-05-09T07:30:47.9798609Z;71
2024-05-09T07:30:48.0470272Z;66
2024-05-09T07:30:48.1143505Z;66
2024-05-09T07:30:48.1815048Z;66
2024-05-09T07:30:48.2693291Z;87
2024-05-09T07:30:48.3394439Z;69
2024-05-09T07:30:48.4082647Z;68
2024-05-09T07:30:48.4788810Z;70
2024-05-09T07:30:48.5461774Z;66
2024-05-09T07:30:48.6099301Z;63
2024-05-09T07:30:48.6738431Z;63
2024-05-09T07:30:48.7395452Z;65
2024-05-09T07:30:48.8050155Z;65
2024-05-09T07:30:48.8890269Z;83
2024-05-09T07:30:49.0033183Z;74
2024-05-09T07:30:49.0726241Z;68
2024-05-09T07:30:49.1375985Z;64
2024-05-09T07:30:49.2014983Z;63
2024-05-09T07:30:49.2687379Z;66
2024-05-09T07:30:49.3368843Z;67
2024-05-09T07:30:49.4016192Z;64
2024-05-09T07:30:49.4687304Z;66
2024-05-09T07:30:49.5460365Z;76
2024-05-09T07:30:49.6141197Z;67
2024-05-09T07:30:49.6822767Z;67
2024-05-09T07:30:49.7510186Z;66
2024-05-09T07:30:49.8165636Z;65
2024-05-09T07:30:49.8851233Z;67
2024-05-09T07:30:49.9493522Z;63
2024-05-09T07:30:50.0132329Z;63
2024-05-09T07:30:50.0796082Z;66
2024-05-09T07:30:50.1444066Z;64
2024-05-09T07:30:50.2098463Z;65
2024-05-09T07:30:50.2771221Z;66
2024-05-09T07:30:50.3459738Z;68
2024-05-09T07:30:50.4098665Z;63
2024-05-09T07:30:50.4770155Z;66
2024-05-09T07:30:50.5460083Z;68
2024-05-09T07:30:50.6266484Z;80
2024-05-09T07:30:50.6938183Z;65
2024-05-09T07:30:50.7644271Z;70
2024-05-09T07:30:50.8299448Z;65
2024-05-09T07:30:50.8955208Z;65
2024-05-09T07:30:50.9626555Z;66
2024-05-09T07:30:51.0287050Z;65
2024-05-09T07:30:51.0989050Z;69
2024-05-09T07:30:51.1744401Z;74
2024-05-09T07:30:51.2434746Z;68
2024-05-09T07:30:51.3090401Z;65
2024-05-09T07:30:51.3946538Z;85
2024-05-09T07:30:51.4587596Z;63
2024-05-09T07:30:51.5241559Z;65
2024-05-09T07:30:51.5912049Z;66
2024-05-09T07:30:51.6669527Z;75
2024-05-09T07:30:51.7342372Z;66
2024-05-09T07:30:51.8018211Z;67
2024-05-09T07:30:51.8716892Z;69
2024-05-09T07:30:51.9374133Z;65
2024-05-09T07:30:52.0030102Z;65
2024-05-09T07:30:52.0702823Z;66
2024-05-09T07:30:52.1419162Z;71
2024-05-09T07:30:52.2062685Z;64
2024-05-09T07:30:52.2752972Z;68
2024-05-09T07:30:52.3442082Z;68
2024-05-09T07:30:52.4180655Z;73
2024-05-09T07:30:52.4823372Z;63
2024-05-09T07:30:52.5491776Z;66
2024-05-09T07:30:52.6196924Z;70
2024-05-09T07:30:52.6853720Z;64
2024-05-09T07:30:52.7508298Z;65
2024-05-09T07:30:52.8163575Z;65
2024-05-09T07:30:52.8836853Z;66
2024-05-09T07:30:52.9508136Z;65
2024-05-09T07:30:53.0147022Z;63
2024-05-09T07:30:53.0835756Z;68
2024-05-09T07:30:53.1726529Z;88
2024-05-09T07:30:53.2399433Z;66
2024-05-09T07:30:53.3071128Z;66
2024-05-09T07:30:53.3743457Z;66
2024-05-09T07:30:53.4406922Z;66
2024-05-09T07:30:53.5070850Z;66
2024-05-09T07:30:53.5759915Z;68
2024-05-09T07:30:53.6432298Z;66
2024-05-09T07:30:53.7070884Z;63
2024-05-09T07:30:53.7742462Z;66
2024-05-09T07:30:53.8415593Z;66
2024-05-09T07:30:53.9129822Z;71
2024-05-09T07:30:53.9776741Z;64
2024-05-09T07:30:54.0431195Z;65
2024-05-09T07:30:54.1141988Z;70
2024-05-09T07:30:54.1810167Z;66
2024-05-09T07:30:54.2482157Z;66
2024-05-09T07:30:54.3156110Z;67
2024-05-09T07:30:54.3809785Z;64
2024-05-09T07:30:54.4543193Z;71
2024-05-09T07:30:54.5205878Z;65
2024-05-09T07:30:54.5877369Z;66
2024-05-09T07:30:54.6560420Z;67
2024-05-09T07:30:54.7221804Z;65
2024-05-09T07:30:54.7878941Z;65
2024-05-09T07:30:54.8550284Z;66
2024-05-09T07:30:54.9238267Z;68
2024-05-09T07:30:54.9893104Z;65
2024-05-09T07:30:55.0565510Z;66
2024-05-09T07:30:55.1254574Z;68
2024-05-09T07:30:55.1927102Z;66
2024-05-09T07:30:55.2600301Z;66
2024-05-09T07:30:55.3305246Z;70
2024-05-09T07:30:55.3993883Z;68
2024-05-09T07:30:55.4649704Z;65
2024-05-09T07:30:55.5308661Z;65
2024-05-09T07:30:55.5977230Z;66
2024-05-09T07:30:55.6632374Z;65
2024-05-09T07:30:55.7303427Z;66
2024-05-09T07:30:55.7948380Z;64
2024-05-09T07:30:55.8642651Z;68
2024-05-09T07:30:55.9321744Z;67
2024-05-09T07:30:55.9993625Z;66
2024-05-09T07:30:56.0766827Z;76
2024-05-09T07:30:56.1440145Z;67
2024-05-09T07:30:56.2128752Z;68
2024-05-09T07:30:56.2808050Z;67
2024-05-09T07:30:56.3489657Z;67
2024-05-09T07:30:56.4162008Z;65
2024-05-09T07:30:56.4867428Z;70
2024-05-09T07:30:56.5524148Z;65
2024-05-09T07:30:56.6177978Z;65
2024-05-09T07:30:56.6842685Z;66
2024-05-09T07:30:56.7505458Z;65
2024-05-09T07:30:56.8177619Z;66
2024-05-09T07:30:56.8921006Z;73
2024-05-09T07:30:56.9966986Z;104
2024-05-09T07:30:57.0631770Z;66
2024-05-09T07:30:57.1303980Z;66
2024-05-09T07:30:57.2116119Z;80
2024-05-09T07:30:57.2878659Z;75
2024-05-09T07:30:57.3538522Z;65
2024-05-09T07:30:57.4243913Z;70
2024-05-09T07:30:57.4934560Z;68
2024-05-09T07:30:57.5623132Z;68
2024-05-09T07:30:57.6294758Z;66
2024-05-09T07:30:57.6950150Z;65
2024-05-09T07:30:57.7705692Z;75
2024-05-09T07:30:57.8394836Z;68
2024-05-09T07:30:57.9067145Z;66
2024-05-09T07:30:57.9706266Z;63
2024-05-09T07:30:58.0395118Z;68
2024-05-09T07:30:58.1050591Z;65
2024-05-09T07:30:58.1722272Z;66
2024-05-09T07:30:58.2395733Z;67
2024-05-09T07:30:58.3067667Z;66
2024-05-09T07:30:58.3740115Z;66
2024-05-09T07:30:58.4428539Z;68
2024-05-09T07:30:58.5202362Z;65
2024-05-09T07:30:58.5865938Z;65
2024-05-09T07:30:58.6559135Z;67
2024-05-09T07:30:58.7268586Z;70
2024-05-09T07:30:58.7907193Z;63
2024-05-09T07:30:58.8579585Z;66
2024-05-09T07:30:58.9251912Z;66
2024-05-09T07:30:58.9923652Z;66
2024-05-09T07:30:59.0629868Z;70
2024-05-09T07:30:59.1302751Z;66
2024-05-09T07:30:59.1957092Z;65
2024-05-09T07:30:59.2600038Z;63
2024-05-09T07:30:59.3268799Z;66
2024-05-09T07:30:59.3923884Z;65
2024-05-09T07:30:59.4579984Z;65
2024-05-09T07:30:59.5240211Z;65
2024-05-09T07:30:59.5935955Z;69
2024-05-09T07:30:59.6597359Z;65
2024-05-09T07:30:59.7268792Z;66
2024-05-09T07:30:59.8142381Z;86
2024-05-09T07:30:59.8831025Z;67
2024-05-09T07:30:59.9487679Z;65
2024-05-09T07:31:00.0175136Z;68
2024-05-09T07:31:00.0865375Z;68
2024-05-09T07:31:00.1559009Z;68
2024-05-09T07:31:00.2258334Z;69
2024-05-09T07:31:00.2898102Z;63
2024-05-09T07:31:00.3553412Z;65
2024-05-09T07:31:00.4208132Z;65
2024-05-09T07:31:00.4914326Z;70
2024-05-09T07:31:00.5553111Z;63
2024-05-09T07:31:00.6225665Z;66
2024-05-09T07:31:00.6917687Z;68
2024-05-09T07:31:00.7569868Z;64
2024-05-09T07:31:00.8225742Z;65
2024-05-09T07:31:00.8939611Z;66
2024-05-09T07:31:00.9620279Z;67
2024-05-09T07:31:01.0275543Z;65
2024-05-09T07:31:01.0931209Z;64
2024-05-09T07:31:01.1603933Z;66
2024-05-09T07:31:01.2426533Z;71
2024-05-09T07:31:01.3132464Z;70
2024-05-09T07:31:01.3938730Z;80
2024-05-09T07:31:01.4594461Z;65
2024-05-09T07:31:01.5249847Z;65
2024-05-09T07:31:01.5939723Z;68
2024-05-09T07:31:01.6661008Z;71
2024-05-09T07:31:01.7434425Z;76
2024-05-09T07:31:01.8157677Z;72
2024-05-09T07:31:01.8929836Z;76
2024-05-09T07:31:01.9831034Z;89
2024-05-09T07:31:02.0493249Z;65
2024-05-09T07:31:02.1164981Z;66
2024-05-09T07:31:02.1820498Z;65
2024-05-09T07:31:02.2461872Z;63
2024-05-09T07:31:02.3114592Z;64
2024-05-09T07:31:02.3753758Z;63
2024-05-09T07:31:02.4426113Z;66
2024-05-09T07:31:02.5131704Z;70
2024-05-09T07:31:02.5837323Z;70
2024-05-09T07:31:02.6496212Z;65
2024-05-09T07:31:02.7181879Z;68
2024-05-09T07:31:02.7854395Z;66
2024-05-09T07:31:02.8546771Z;68
2024-05-09T07:31:02.9215163Z;66
2024-05-09T07:31:02.9871109Z;65
2024-05-09T07:31:03.0526095Z;65
2024-05-09T07:31:03.1215640Z;68
2024-05-09T07:31:03.1887468Z;66
2024-05-09T07:31:03.2542920Z;65
2024-05-09T07:31:03.3197798Z;65
2024-05-09T07:31:03.3886045Z;68
2024-05-09T07:31:03.4575622Z;68
2024-05-09T07:31:03.5248459Z;66
2024-05-09T07:31:03.5920085Z;66
2024-05-09T07:31:03.6643424Z;70
2024-05-09T07:31:03.7466457Z;81
2024-05-09T07:31:03.8122839Z;65
2024-05-09T07:31:03.8785971Z;65
2024-05-09T07:31:03.9433347Z;64
2024-05-09T07:31:04.0088042Z;65
2024-05-09T07:31:04.0743708Z;64
2024-05-09T07:31:04.1383016Z;63
2024-05-09T07:31:04.2020954Z;63
2024-05-09T07:31:04.2726355Z;70
2024-05-09T07:31:04.3381724Z;64
2024-05-09T07:31:04.4038076Z;65
2024-05-09T07:31:04.4692746Z;65
2024-05-09T07:31:04.5331523Z;63
2024-05-09T07:31:04.5970123Z;63
2024-05-09T07:31:04.6609189Z;63
2024-05-09T07:31:04.7263696Z;65
2024-05-09T07:31:04.7902790Z;63
2024-05-09T07:31:04.8575600Z;66
2024-05-09T07:31:04.9314295Z;73
2024-05-09T07:31:04.9988017Z;67
2024-05-09T07:31:05.0659636Z;66
2024-05-09T07:31:05.1330888Z;66
2024-05-09T07:31:05.2172420Z;83
2024-05-09T07:31:05.2828136Z;64
2024-05-09T07:31:05.3787538Z;80
2024-05-09T07:31:05.4524542Z;73
2024-05-09T07:31:05.5196873Z;66
2024-05-09T07:31:05.5851441Z;65
2024-05-09T07:31:05.6507801Z;64
2024-05-09T07:31:05.7162758Z;65
2024-05-09T07:31:05.7804391Z;63
2024-05-09T07:31:05.8457242Z;64
2024-05-09T07:31:05.9146597Z;68
2024-05-09T07:31:05.9827059Z;67
2024-05-09T07:31:06.0540179Z;70
2024-05-09T07:31:06.1231169Z;68
2024-05-09T07:31:06.1920346Z;68
2024-05-09T07:31:06.2575565Z;65
2024-05-09T07:31:06.3246267Z;66
2024-05-09T07:31:06.3884604Z;63
2024-05-09T07:31:06.4546617Z;65
2024-05-09T07:31:06.5212264Z;66
2024-05-09T07:31:06.5850892Z;63
2024-05-09T07:31:06.6507447Z;64
2024-05-09T07:31:06.7231142Z;71
2024-05-09T07:31:06.8137037Z;90
2024-05-09T07:31:06.8795089Z;65
2024-05-09T07:31:06.9650156Z;85
2024-05-09T07:31:07.0339057Z;68
2024-05-09T07:31:07.0980551Z;63
2024-05-09T07:31:07.1666526Z;68
2024-05-09T07:31:07.2321782Z;65
2024-05-09T07:31:07.2976972Z;65
2024-05-09T07:31:07.3641063Z;66
2024-05-09T07:31:07.4287476Z;64
2024-05-09T07:31:07.4993083Z;70
2024-05-09T07:31:07.5731709Z;71
2024-05-09T07:31:07.6438205Z;70
2024-05-09T07:31:07.7119537Z;67
2024-05-09T07:31:07.7766536Z;64
2024-05-09T07:31:07.8429236Z;65
2024-05-09T07:31:07.9111063Z;67
2024-05-09T07:31:07.9754852Z;64
2024-05-09T07:31:08.0404967Z;64
2024-05-09T07:31:08.1058902Z;65
2024-05-09T07:31:08.1767998Z;69
2024-05-09T07:31:08.2571409Z;80
2024-05-09T07:31:08.3245096Z;67
2024-05-09T07:31:08.3920311Z;67
2024-05-09T07:31:08.4573271Z;64
2024-05-09T07:31:08.5239673Z;66
2024-05-09T07:31:08.5898567Z;65
2024-05-09T07:31:08.6538136Z;63
2024-05-09T07:31:08.7210508Z;66
2024-05-09T07:31:08.7866101Z;65
2024-05-09T07:31:08.8555498Z;67
2024-05-09T07:31:08.9209604Z;65
2024-05-09T07:31:08.9870055Z;65
2024-05-09T07:31:09.0521699Z;64
2024-05-09T07:31:09.1195448Z;67
2024-05-09T07:31:09.1865934Z;66
2024-05-09T07:31:09.2537795Z;66
2024-05-09T07:31:09.3177055Z;63
2024-05-09T07:31:09.3815114Z;63
2024-05-09T07:31:09.4454056Z;63
2024-05-09T07:31:09.5110613Z;65
2024-05-09T07:31:09.5781547Z;66
2024-05-09T07:31:09.6436516Z;64
2024-05-09T07:31:09.7058664Z;61
2024-05-09T07:31:09.7697634Z;63
2024-05-09T07:31:09.8363743Z;65
2024-05-09T07:31:09.9009112Z;64
2024-05-09T07:31:09.9697296Z;68
2024-05-09T07:31:10.0352377Z;65
2024-05-09T07:31:10.1025100Z;66
2024-05-09T07:31:10.1698175Z;66
2024-05-09T07:31:10.2369222Z;66
2024-05-09T07:31:10.3042890Z;67
2024-05-09T07:31:10.3714091Z;66
2024-05-09T07:31:10.4407932Z;68
2024-05-09T07:31:10.5058476Z;64
2024-05-09T07:31:10.5730526Z;66
2024-05-09T07:31:10.6435685Z;70
2024-05-09T07:31:10.7075394Z;63
2024-05-09T07:31:10.7713873Z;63
2024-05-09T07:31:10.8363398Z;64
2024-05-09T07:31:10.9007704Z;64
2024-05-09T07:31:10.9781079Z;76
2024-05-09T07:31:11.0470140Z;68
2024-05-09T07:31:11.1125850Z;65
2024-05-09T07:31:11.1780945Z;65
2024-05-09T07:31:11.2419251Z;63
2024-05-09T07:31:11.3057842Z;63
2024-05-09T07:31:11.3747204Z;68
2024-05-09T07:31:11.4486542Z;73
2024-05-09T07:31:11.5175578Z;68
2024-05-09T07:31:11.5865217Z;68
2024-05-09T07:31:11.6520258Z;65
2024-05-09T07:31:11.7360277Z;83
2024-05-09T07:31:11.8017604Z;65
2024-05-09T07:31:11.8687470Z;66
2024-05-09T07:31:11.9360808Z;67
2024-05-09T07:31:12.0015435Z;65
2024-05-09T07:31:12.0670180Z;65
2024-05-09T07:31:12.1712847Z;87
2024-05-09T07:31:12.2351020Z;63
2024-05-09T07:31:12.3017508Z;66
2024-05-09T07:31:12.3662391Z;64
2024-05-09T07:31:12.4301508Z;63
2024-05-09T07:31:12.4963383Z;65
2024-05-09T07:31:12.5612162Z;64
2024-05-09T07:31:12.6334027Z;71
2024-05-09T07:31:12.6989073Z;65
2024-05-09T07:31:12.7645201Z;65
2024-05-09T07:31:12.8300356Z;65
2024-05-09T07:31:12.8955666Z;65
2024-05-09T07:31:12.9594419Z;63
2024-05-09T07:31:13.0241112Z;64
2024-05-09T07:31:13.0887551Z;64
2024-05-09T07:31:13.1544310Z;65
2024-05-09T07:31:13.2199382Z;65
2024-05-09T07:31:13.2837268Z;63
2024-05-09T07:31:13.3503556Z;66
2024-05-09T07:31:13.4148154Z;64
2024-05-09T07:31:13.4789847Z;63
2024-05-09T07:31:13.5934840Z;114
2024-05-09T07:31:13.6568767Z;62
2024-05-09T07:31:13.7207778Z;63
2024-05-09T07:31:13.7862888Z;65
2024-05-09T07:31:13.8518867Z;65
2024-05-09T07:31:13.9173772Z;65
2024-05-09T07:31:13.9829354Z;65
2024-05-09T07:31:14.0484858Z;65
2024-05-09T07:31:14.1172876Z;68
2024-05-09T07:31:14.1811892Z;63
2024-05-09T07:31:14.2461013Z;64
2024-05-09T07:31:14.3140069Z;67
2024-05-09T07:31:14.3829061Z;68
2024-05-09T07:31:14.4477003Z;64
2024-05-09T07:31:14.5122547Z;64
2024-05-09T07:31:14.5761169Z;63
2024-05-09T07:31:14.6491090Z;72
2024-05-09T07:31:14.7139066Z;64
2024-05-09T07:31:14.7795543Z;65
2024-05-09T07:31:14.8450787Z;64
2024-05-09T07:31:14.9128443Z;67
2024-05-09T07:31:14.9811960Z;67
2024-05-09T07:31:15.0467320Z;63
2024-05-09T07:31:15.1144430Z;67
2024-05-09T07:31:15.1845200Z;69
2024-05-09T07:31:15.2617556Z;76
2024-05-09T07:31:15.3296189Z;67
2024-05-09T07:31:15.3961997Z;66
2024-05-09T07:31:15.4601146Z;63
2024-05-09T07:31:15.5273083Z;65
2024-05-09T07:31:15.5932928Z;65
2024-05-09T07:31:15.6583648Z;64
2024-05-09T07:31:15.7289096Z;70
2024-05-09T07:31:15.7928403Z;63
2024-05-09T07:31:15.8574417Z;64
2024-05-09T07:31:15.9205299Z;62
2024-05-09T07:31:15.9860899Z;65
2024-05-09T07:31:16.0518444Z;65
2024-05-09T07:31:16.1187782Z;66
2024-05-09T07:31:16.1878110Z;68
2024-05-09T07:31:16.2516764Z;63
2024-05-09T07:31:16.3171815Z;65
2024-05-09T07:31:16.3876608Z;70
2024-05-09T07:31:16.4515762Z;63
2024-05-09T07:31:16.5171327Z;65
2024-05-09T07:31:16.5864754Z;69
2024-05-09T07:31:16.6516299Z;64
2024-05-09T07:31:16.7170601Z;65
2024-05-09T07:31:16.8094894Z;91
2024-05-09T07:31:16.8787675Z;68
2024-05-09T07:31:16.9474764Z;68
2024-05-09T07:31:17.0297953Z;81
2024-05-09T07:31:17.0953450Z;64
2024-05-09T07:31:17.1628535Z;67
2024-05-09T07:31:17.2280775Z;64
2024-05-09T07:31:17.2918879Z;63
2024-05-09T07:31:17.3607260Z;68
2024-05-09T07:31:17.4246692Z;63
2024-05-09T07:31:17.4962081Z;71
2024-05-09T07:31:17.5691861Z;72
2024-05-09T07:31:17.6431223Z;73
2024-05-09T07:31:17.7121290Z;68
2024-05-09T07:31:17.7792643Z;66
2024-05-09T07:31:17.8434190Z;63
2024-05-09T07:31:17.9087150Z;64
2024-05-09T07:31:17.9758653Z;66
2024-05-09T07:31:18.0431078Z;66
2024-05-09T07:31:18.1074525Z;64
2024-05-09T07:31:18.1724409Z;64
2024-05-09T07:31:18.2380059Z;65
2024-05-09T07:31:18.3035328Z;64
2024-05-09T07:31:18.3674134Z;63
2024-05-09T07:31:18.4347612Z;66
2024-05-09T07:31:18.5072813Z;71
2024-05-09T07:31:18.5737540Z;66
2024-05-09T07:31:18.6397250Z;65
2024-05-09T07:31:18.7079858Z;65
2024-05-09T07:31:18.7811748Z;72
2024-05-09T07:31:18.8464193Z;64
2024-05-09T07:31:18.9102895Z;63
2024-05-09T07:31:18.9757655Z;65
2024-05-09T07:31:19.0396896Z;63
2024-05-09T07:31:19.1018528Z;61
2024-05-09T07:31:19.1657258Z;63
2024-05-09T07:31:19.2295692Z;63
2024-05-09T07:31:19.2985932Z;68
2024-05-09T07:31:19.3643764Z;65
2024-05-09T07:31:19.4279777Z;63
2024-05-09T07:31:19.4967959Z;68
2024-05-09T07:31:19.5606656Z;63
2024-05-09T07:31:19.6262681Z;65
2024-05-09T07:31:19.6913136Z;64
2024-05-09T07:31:19.7554943Z;63
2024-05-09T07:31:19.8195553Z;63
2024-05-09T07:31:19.8832938Z;63
2024-05-09T07:31:19.9474621Z;63
2024-05-09T07:31:20.0127713Z;64
2024-05-09T07:31:20.0795251Z;66
2024-05-09T07:31:20.1438106Z;63
2024-05-09T07:31:20.2076605Z;63
2024-05-09T07:31:20.2715354Z;63
2024-05-09T07:31:20.3487744Z;76
2024-05-09T07:31:20.4109721Z;61
2024-05-09T07:31:20.4755271Z;64
2024-05-09T07:31:20.5449093Z;68
2024-05-09T07:31:20.6093174Z;64
2024-05-09T07:31:20.6783173Z;68
2024-05-09T07:31:20.7470861Z;68
2024-05-09T07:31:20.8109751Z;63
2024-05-09T07:31:20.8748455Z;63
2024-05-09T07:31:20.9550598Z;75
2024-05-09T07:31:21.0227052Z;67
2024-05-09T07:31:21.0882452Z;64
2024-05-09T07:31:21.1571725Z;68
2024-05-09T07:31:21.2211095Z;63
2024-05-09T07:31:21.2848847Z;63
2024-05-09T07:31:21.3588376Z;73
2024-05-09T07:31:21.4276683Z;68
2024-05-09T07:31:21.4949456Z;66
2024-05-09T07:31:21.5605087Z;64
2024-05-09T07:31:21.6244147Z;63
2024-05-09T07:31:21.7370169Z;83
2024-05-09T07:31:21.8210463Z;83
2024-05-09T07:31:21.8921637Z;70
2024-05-09T07:31:21.9573228Z;64
2024-05-09T07:31:22.0293420Z;71
2024-05-09T07:31:22.1072844Z;77
2024-05-09T07:31:22.1722499Z;64
2024-05-09T07:31:22.2411498Z;68
2024-05-09T07:31:22.3066608Z;65
2024-05-09T07:31:22.3710244Z;64
2024-05-09T07:31:22.4360239Z;64
2024-05-09T07:31:22.5049881Z;68
2024-05-09T07:31:22.5731514Z;67
2024-05-09T07:31:22.6393810Z;65
2024-05-09T07:31:22.7032419Z;63
2024-05-09T07:31:22.7687943Z;64
2024-05-09T07:31:22.8309940Z;61
2024-05-09T07:31:22.8931784Z;61
2024-05-09T07:31:22.9620889Z;68
2024-05-09T07:31:23.0275641Z;65
2024-05-09T07:31:23.0982061Z;70
2024-05-09T07:31:23.1654412Z;66
2024-05-09T07:31:23.2327035Z;66
2024-05-09T07:31:23.2998384Z;66
2024-05-09T07:31:23.3754894Z;75
2024-05-09T07:31:23.4393468Z;63
2024-05-09T07:31:23.5066565Z;65
2024-05-09T07:31:23.5738535Z;66
2024-05-09T07:31:23.6419795Z;66
2024-05-09T07:31:23.7049198Z;62
2024-05-09T07:31:23.7704574Z;65
2024-05-09T07:31:23.8365423Z;65
2024-05-09T07:31:23.9032746Z;66
2024-05-09T07:31:23.9720630Z;68
2024-05-09T07:31:24.0392923Z;66
2024-05-09T07:31:24.1071831Z;66
2024-05-09T07:31:24.1737575Z;66
2024-05-09T07:31:24.2393992Z;65
2024-05-09T07:31:24.3087537Z;68
2024-05-09T07:31:24.3754358Z;66
2024-05-09T07:31:24.4410097Z;65
2024-05-09T07:31:24.5050746Z;63
2024-05-09T07:31:24.5687376Z;63
2024-05-09T07:31:24.6326925Z;63
2024-05-09T07:31:24.6947149Z;61
2024-05-09T07:31:24.7636689Z;68
2024-05-09T07:31:24.8274282Z;63
2024-05-09T07:31:24.8934073Z;65
2024-05-09T07:31:24.9571953Z;63
2024-05-09T07:31:25.0223494Z;64
2024-05-09T07:31:25.0879668Z;65
2024-05-09T07:31:25.1601904Z;71
2024-05-09T07:31:25.2292973Z;68
2024-05-09T07:31:25.3047710Z;75
2024-05-09T07:31:25.3723618Z;66
2024-05-09T07:31:25.4559676Z;83
2024-05-09T07:31:25.5248438Z;68
2024-05-09T07:31:25.5904229Z;65
2024-05-09T07:31:25.6576925Z;66
2024-05-09T07:31:25.7232026Z;65
2024-05-09T07:31:25.7887499Z;65
2024-05-09T07:31:25.8559484Z;66
2024-05-09T07:31:25.9232241Z;65
2024-05-09T07:31:25.9871093Z;63
2024-05-09T07:31:26.0517746Z;64
2024-05-09T07:31:26.1265420Z;74
2024-05-09T07:31:26.1921107Z;65
2024-05-09T07:31:26.2559440Z;63
2024-05-09T07:31:26.3214015Z;65
2024-05-09T07:31:26.3887581Z;65
2024-05-09T07:31:26.4509241Z;61
2024-05-09T07:31:26.5214305Z;70
2024-05-09T07:31:26.5904422Z;68
2024-05-09T07:31:26.6541968Z;63
2024-05-09T07:31:26.7215297Z;67
2024-05-09T07:31:26.7878198Z;65
2024-05-09T07:31:26.8626362Z;74
2024-05-09T07:31:26.9282001Z;65
2024-05-09T07:31:26.9937345Z;65
2024-05-09T07:31:27.0934239Z;99
2024-05-09T07:31:27.1629410Z;68
2024-05-09T07:31:27.2323431Z;69
2024-05-09T07:31:27.2962504Z;63
2024-05-09T07:31:27.3600760Z;63
2024-05-09T07:31:27.4239236Z;63
2024-05-09T07:31:27.4944189Z;70
2024-05-09T07:31:27.5600159Z;65
2024-05-09T07:31:27.6239378Z;63
2024-05-09T07:31:27.6932725Z;68
2024-05-09T07:31:27.7634334Z;68
2024-05-09T07:31:27.8294095Z;65
2024-05-09T07:31:27.8944584Z;64
2024-05-09T07:31:27.9618028Z;66
2024-05-09T07:31:28.0289576Z;66
2024-05-09T07:31:28.0937673Z;63
2024-05-09T07:31:28.1583049Z;64
2024-05-09T07:31:28.2221588Z;63
2024-05-09T07:31:28.2859931Z;63
2024-05-09T07:31:28.3504274Z;64
2024-05-09T07:31:28.4137718Z;62
2024-05-09T07:31:28.4776226Z;63
2024-05-09T07:31:28.5432167Z;65
2024-05-09T07:31:28.6087444Z;65
2024-05-09T07:31:28.6726137Z;63
2024-05-09T07:31:28.7393182Z;65
2024-05-09T07:31:28.8104391Z;70
2024-05-09T07:31:28.8744500Z;63
2024-05-09T07:31:28.9431863Z;68
2024-05-09T07:31:29.0070390Z;63
2024-05-09T07:31:29.0726863Z;65
2024-05-09T07:31:29.1397335Z;66
2024-05-09T07:31:29.2070503Z;66
2024-05-09T07:31:29.2724875Z;65
2024-05-09T07:31:29.3381024Z;65
2024-05-09T07:31:29.4036642Z;65
2024-05-09T07:31:29.4679874Z;63
2024-05-09T07:31:29.5347580Z;66
2024-05-09T07:31:29.6004277Z;65
2024-05-09T07:31:29.6674266Z;66
2024-05-09T07:31:29.7346660Z;66
2024-05-09T07:31:29.8304444Z;94
2024-05-09T07:31:29.9145346Z;83
2024-05-09T07:31:29.9828775Z;67
2024-05-09T07:31:30.0690908Z;85
2024-05-09T07:31:30.1351348Z;65
2024-05-09T07:31:30.2046373Z;69
2024-05-09T07:31:30.2741586Z;69
2024-05-09T07:31:30.3396523Z;65
2024-05-09T07:31:30.4034859Z;63
2024-05-09T07:31:30.4706371Z;66
2024-05-09T07:31:30.5496826Z;78
2024-05-09T07:31:30.6169020Z;66
2024-05-09T07:31:30.6807865Z;63
2024-05-09T07:31:30.7446073Z;63
2024-05-09T07:31:30.8102938Z;65
2024-05-09T07:31:30.8757907Z;65
2024-05-09T07:31:30.9412788Z;65
2024-05-09T07:31:31.0051855Z;63
2024-05-09T07:31:31.0689947Z;63
2024-05-09T07:31:31.1328203Z;63
2024-05-09T07:31:31.1976736Z;64
2024-05-09T07:31:31.2656718Z;67
2024-05-09T07:31:31.3345684Z;67
2024-05-09T07:31:31.4017641Z;66
2024-05-09T07:31:31.4690321Z;66
2024-05-09T07:31:31.5345807Z;65
2024-05-09T07:31:31.6034711Z;68
2024-05-09T07:31:31.6696533Z;65
2024-05-09T07:31:31.7344872Z;64
2024-05-09T07:31:31.8033145Z;68
2024-05-09T07:31:31.8739867Z;70
2024-05-09T07:31:31.9448986Z;70
2024-05-09T07:31:32.0102780Z;65
2024-05-09T07:31:32.0773441Z;66
2024-05-09T07:31:32.1630617Z;85
2024-05-09T07:31:32.2369343Z;73
2024-05-09T07:31:32.3018139Z;64
2024-05-09T07:31:32.3680565Z;65
2024-05-09T07:31:32.4369933Z;68
2024-05-09T07:31:32.5177128Z;80
2024-05-09T07:31:32.6050280Z;69
2024-05-09T07:31:32.6727485Z;66
2024-05-09T07:31:32.7378402Z;64
2024-05-09T07:31:32.8050311Z;65
2024-05-09T07:31:32.8688703Z;63
2024-05-09T07:31:32.9310484Z;61
2024-05-09T07:31:32.9966149Z;65
2024-05-09T07:31:33.0604489Z;63
2024-05-09T07:31:33.1243631Z;63
2024-05-09T07:31:33.1882555Z;63
2024-05-09T07:31:33.2531682Z;64
2024-05-09T07:31:33.3175483Z;63
2024-05-09T07:31:33.3814674Z;63
2024-05-09T07:31:33.4487159Z;66
2024-05-09T07:31:33.5125797Z;63
2024-05-09T07:31:33.5780164Z;65
2024-05-09T07:31:33.6420405Z;63
2024-05-09T07:31:33.7091571Z;66
2024-05-09T07:31:33.7751909Z;65
2024-05-09T07:31:33.8402200Z;64
2024-05-09T07:31:33.9041776Z;63
2024-05-09T07:31:33.9730460Z;68
2024-05-09T07:31:34.0385168Z;65
2024-05-09T07:31:34.1041152Z;65
2024-05-09T07:31:34.1712983Z;66
2024-05-09T07:31:34.2369401Z;65
2024-05-09T07:31:34.3040777Z;66
2024-05-09T07:31:34.3695840Z;65
2024-05-09T07:31:34.4337077Z;63
2024-05-09T07:31:34.5009373Z;66
2024-05-09T07:31:34.5663403Z;65
2024-05-09T07:31:34.6317903Z;65
2024-05-09T07:31:34.6976977Z;65
2024-05-09T07:31:34.7638649Z;65
2024-05-09T07:31:34.8295508Z;65
2024-05-09T07:31:34.8975030Z;67
2024-05-09T07:31:34.9762728Z;78
2024-05-09T07:31:35.0402300Z;63
2024-05-09T07:31:35.1057227Z;65
2024-05-09T07:31:35.1727986Z;66
2024-05-09T07:31:35.2398709Z;66
2024-05-09T07:31:35.3158586Z;75
2024-05-09T07:31:35.3813826Z;65
2024-05-09T07:31:35.4476728Z;65
2024-05-09T07:31:35.5140086Z;65
2024-05-09T07:31:35.5797965Z;65
2024-05-09T07:31:35.6451921Z;65
2024-05-09T07:31:35.7089991Z;63
2024-05-09T07:31:35.7740252Z;63
2024-05-09T07:31:35.8417962Z;67
2024-05-09T07:31:35.9057809Z;63
2024-05-09T07:31:35.9846445Z;78
2024-05-09T07:31:36.0535379Z;68
2024-05-09T07:31:36.1240841Z;70
2024-05-09T07:31:36.1996613Z;75
2024-05-09T07:31:36.2636960Z;63
2024-05-09T07:31:36.3308270Z;66
2024-05-09T07:31:36.3946404Z;63
2024-05-09T07:31:36.4568601Z;61
2024-05-09T07:31:36.5291777Z;71
2024-05-09T07:31:36.5946743Z;65
2024-05-09T07:31:36.6637811Z;68
2024-05-09T07:31:36.7577927Z;93
2024-05-09T07:31:36.8350491Z;76
2024-05-09T07:31:36.9039625Z;67
2024-05-09T07:31:36.9761495Z;71
2024-05-09T07:31:37.0434590Z;66
2024-05-09T07:31:37.1089783Z;65
2024-05-09T07:31:37.1766446Z;67
2024-05-09T07:31:37.2419122Z;64
2024-05-09T07:31:37.3072983Z;65
2024-05-09T07:31:37.3744078Z;66
2024-05-09T07:31:37.4383255Z;63
2024-05-09T07:31:37.5038337Z;65
2024-05-09T07:31:37.5744808Z;70
2024-05-09T07:31:37.6468085Z;71
2024-05-09T07:31:37.7123544Z;65
2024-05-09T07:31:37.7778681Z;65
2024-05-09T07:31:37.8435207Z;65
2024-05-09T07:31:37.9089481Z;65
2024-05-09T07:31:37.9761881Z;66
2024-05-09T07:31:38.0591588Z;78
2024-05-09T07:31:38.1256422Z;66
2024-05-09T07:31:38.1913078Z;65
2024-05-09T07:31:38.2569137Z;64
2024-05-09T07:31:38.3239235Z;66
2024-05-09T07:31:38.3877993Z;63
2024-05-09T07:31:38.4516407Z;63
2024-05-09T07:31:38.5173274Z;65
2024-05-09T07:31:38.5827964Z;65
2024-05-09T07:31:38.6489751Z;65
2024-05-09T07:31:38.7138700Z;64
2024-05-09T07:31:38.7793388Z;65
2024-05-09T07:31:38.8449339Z;65
2024-05-09T07:31:38.9104813Z;65
2024-05-09T07:31:38.9776917Z;66
2024-05-09T07:31:39.0449733Z;66
2024-05-09T07:31:39.1104609Z;65
2024-05-09T07:31:39.1767878Z;65
2024-05-09T07:31:39.2431803Z;66
2024-05-09T07:31:39.3104659Z;66
2024-05-09T07:31:39.3743372Z;63
2024-05-09T07:31:39.4381574Z;63
2024-05-09T07:31:39.5003806Z;61
2024-05-09T07:31:39.5727320Z;72
2024-05-09T07:31:39.6382311Z;65
2024-05-09T07:31:39.7120636Z;73
2024-05-09T07:31:39.7793582Z;66
2024-05-09T07:31:39.8449337Z;65
2024-05-09T07:31:39.9087344Z;63
2024-05-09T07:31:39.9725901Z;63
2024-05-09T07:31:40.0397709Z;66
2024-05-09T07:31:40.1036793Z;63
2024-05-09T07:31:40.1696830Z;65
2024-05-09T07:31:40.2363769Z;66
2024-05-09T07:31:40.3022990Z;65
2024-05-09T07:31:40.3674886Z;64
2024-05-09T07:31:40.4313221Z;63
2024-05-09T07:31:40.4935256Z;61
2024-05-09T07:31:40.5574462Z;63
2024-05-09T07:31:40.6421798Z;83
2024-05-09T07:31:40.7070011Z;64
2024-05-09T07:31:40.7692034Z;61
2024-05-09T07:31:40.8345936Z;65
2024-05-09T07:31:40.9011590Z;66
2024-05-09T07:31:40.9753715Z;72
2024-05-09T07:31:41.0414375Z;65
2024-05-09T07:31:41.1103772Z;68
2024-05-09T07:31:41.1774915Z;66
2024-05-09T07:31:41.2413359Z;63
2024-05-09T07:31:41.3069033Z;65
2024-05-09T07:31:41.3859177Z;78
2024-05-09T07:31:41.4516024Z;65
2024-05-09T07:31:41.5187263Z;66
2024-05-09T07:31:41.5865792Z;67
2024-05-09T07:31:41.6557750Z;68
2024-05-09T07:31:41.7204594Z;64
2024-05-09T07:31:41.7859473Z;65
2024-05-09T07:31:41.8513934Z;65
2024-05-09T07:31:41.9388264Z;87
2024-05-09T07:31:42.0078634Z;66
2024-05-09T07:31:42.0733282Z;65
2024-05-09T07:31:42.1590453Z;85
2024-05-09T07:31:42.2259440Z;66
2024-05-09T07:31:42.2900758Z;63
2024-05-09T07:31:42.3556258Z;65
2024-05-09T07:31:42.4211753Z;65
2024-05-09T07:31:42.4849655Z;63
2024-05-09T07:31:42.5488533Z;63
2024-05-09T07:31:42.6127263Z;63
2024-05-09T07:31:42.6771631Z;63
2024-05-09T07:31:42.7421186Z;64
2024-05-09T07:31:42.8087846Z;66
2024-05-09T07:31:42.8732409Z;64
2024-05-09T07:31:42.9354450Z;61
2024-05-09T07:31:43.0009764Z;65
2024-05-09T07:31:43.0681846Z;66
2024-05-09T07:31:43.1354233Z;66
2024-05-09T07:31:43.2046353Z;68
2024-05-09T07:31:43.2886796Z;81
2024-05-09T07:31:43.3538090Z;64
2024-05-09T07:31:43.4176935Z;63
2024-05-09T07:31:43.5405153Z;77
2024-05-09T07:31:43.6110150Z;70
2024-05-09T07:31:43.6770177Z;65
2024-05-09T07:31:43.7461507Z;68
2024-05-09T07:31:43.8126546Z;65
2024-05-09T07:31:43.8764637Z;63
2024-05-09T07:31:43.9404905Z;63
2024-05-09T07:31:44.0075734Z;66
2024-05-09T07:31:44.0714080Z;63
2024-05-09T07:31:44.1368803Z;64
2024-05-09T07:31:44.2046285Z;67
2024-05-09T07:31:44.2697613Z;64
2024-05-09T07:31:44.3336645Z;63
2024-05-09T07:31:44.3974630Z;63
2024-05-09T07:31:44.4629840Z;65
2024-05-09T07:31:44.5284729Z;65
2024-05-09T07:31:44.5957826Z;67
2024-05-09T07:31:44.6630200Z;66
2024-05-09T07:31:44.7302782Z;66
2024-05-09T07:31:44.7957482Z;65
2024-05-09T07:31:44.8612747Z;65
2024-05-09T07:31:44.9318491Z;70
2024-05-09T07:31:44.9999634Z;67
2024-05-09T07:31:45.0656623Z;65
2024-05-09T07:31:45.1319128Z;65
2024-05-09T07:31:45.1979023Z;65
2024-05-09T07:31:45.2679731Z;69
2024-05-09T07:31:45.3368497Z;66
2024-05-09T07:31:45.4041793Z;66
2024-05-09T07:31:45.4696710Z;65
2024-05-09T07:31:45.5452561Z;75
2024-05-09T07:31:45.6126305Z;66
2024-05-09T07:31:45.6797652Z;66
2024-05-09T07:31:45.7486192Z;68
2024-05-09T07:31:45.8175973Z;68
2024-05-09T07:31:45.8830894Z;65
2024-05-09T07:31:45.9519858Z;68
2024-05-09T07:31:46.0209131Z;68
2024-05-09T07:31:46.0881116Z;66
2024-05-09T07:31:46.1754737Z;87
2024-05-09T07:31:46.2444057Z;67
2024-05-09T07:31:46.3099345Z;65
2024-05-09T07:31:46.3737278Z;63
2024-05-09T07:31:46.4393281Z;65
2024-05-09T07:31:46.5102754Z;70
2024-05-09T07:31:46.5770762Z;66
2024-05-09T07:31:46.6477396Z;70
2024-05-09T07:31:46.7149063Z;65
2024-05-09T07:31:46.7813513Z;65
2024-05-09T07:31:46.8477195Z;65
2024-05-09T07:31:46.9149358Z;66
2024-05-09T07:31:46.9827250Z;67
2024-05-09T07:31:47.0476851Z;64
2024-05-09T07:31:47.1142579Z;66
2024-05-09T07:31:47.1804401Z;65
2024-05-09T07:31:47.2462883Z;65
2024-05-09T07:31:47.3132094Z;66
2024-05-09T07:31:47.3787330Z;65
2024-05-09T07:31:47.4442828Z;65
2024-05-09T07:31:47.5081375Z;63
2024-05-09T07:31:47.5954733Z;70
2024-05-09T07:31:47.6594317Z;63
2024-05-09T07:31:47.7259406Z;65
2024-05-09T07:31:47.7904844Z;64
2024-05-09T07:31:47.8560324Z;65
2024-05-09T07:31:47.9215862Z;63
2024-05-09T07:31:47.9870999Z;65
2024-05-09T07:31:48.0547491Z;66
2024-05-09T07:31:48.1199389Z;64
2024-05-09T07:31:48.1854371Z;65
2024-05-09T07:31:48.2510374Z;65
2024-05-09T07:31:48.3226685Z;71
2024-05-09T07:31:48.3870353Z;64
2024-05-09T07:31:48.4509546Z;63
2024-05-09T07:31:48.5171905Z;65
2024-05-09T07:31:48.5836505Z;66
2024-05-09T07:31:48.6475666Z;63
2024-05-09T07:31:48.7148213Z;66
2024-05-09T07:31:48.7853787Z;70
2024-05-09T07:31:48.8509530Z;65
2024-05-09T07:31:48.9163957Z;65
2024-05-09T07:31:48.9853423Z;68
2024-05-09T07:31:49.0529294Z;67
2024-05-09T07:31:49.1181882Z;64
2024-05-09T07:31:49.1870360Z;68
2024-05-09T07:31:49.2537595Z;66
2024-05-09T07:31:49.3197826Z;65
2024-05-09T07:31:49.3853928Z;65
2024-05-09T07:31:49.4508918Z;65
2024-05-09T07:31:49.5265312Z;75
2024-05-09T07:31:49.5920592Z;65
2024-05-09T07:31:49.6576305Z;64
2024-05-09T07:31:49.7282201Z;70
2024-05-09T07:31:49.8207225Z;92
2024-05-09T07:31:49.8877535Z;66
2024-05-09T07:31:49.9550162Z;66
2024-05-09T07:31:50.0272956Z;71
2024-05-09T07:31:50.0945177Z;66
2024-05-09T07:31:50.1616679Z;65
2024-05-09T07:31:50.2290146Z;65
2024-05-09T07:31:50.3482720Z;69
2024-05-09T07:31:50.4129266Z;64
2024-05-09T07:31:50.4793525Z;66
2024-05-09T07:31:50.5483370Z;68
2024-05-09T07:31:50.6120793Z;63
2024-05-09T07:31:50.6770627Z;64
2024-05-09T07:31:50.7415498Z;64
2024-05-09T07:31:50.8071566Z;65
2024-05-09T07:31:50.8726609Z;65
2024-05-09T07:31:50.9381676Z;65
2024-05-09T07:31:51.0037981Z;65
2024-05-09T07:31:51.0693124Z;65
2024-05-09T07:31:51.1340222Z;64
2024-05-09T07:31:51.2003604Z;65
2024-05-09T07:31:51.2658925Z;65
2024-05-09T07:31:51.3314968Z;64
2024-05-09T07:31:51.3969821Z;65
2024-05-09T07:31:51.4615322Z;64
2024-05-09T07:31:51.5332068Z;71
2024-05-09T07:31:51.5990273Z;65
2024-05-09T07:31:51.6860167Z;64
2024-05-09T07:31:51.7515522Z;65
2024-05-09T07:31:51.8187693Z;66
2024-05-09T07:31:51.8869378Z;66
2024-05-09T07:31:51.9599361Z;72
2024-05-09T07:31:52.0317574Z;70
2024-05-09T07:31:52.1078145Z;75
2024-05-09T07:31:52.1750016Z;66
2024-05-09T07:31:52.2507222Z;75
2024-05-09T07:31:52.3178618Z;66
2024-05-09T07:31:52.3817658Z;63
2024-05-09T07:31:52.4477856Z;65
2024-05-09T07:31:52.5144883Z;66
2024-05-09T07:31:52.5801139Z;65
2024-05-09T07:31:52.6422422Z;61
2024-05-09T07:31:52.7077423Z;65
2024-05-09T07:31:52.7810592Z;72
2024-05-09T07:31:52.8455997Z;64
2024-05-09T07:31:52.9136192Z;67
2024-05-09T07:31:52.9918212Z;77
2024-05-09T07:31:53.0658605Z;73
2024-05-09T07:31:53.1379512Z;71
2024-05-09T07:31:53.2047666Z;66
2024-05-09T07:31:53.2690950Z;63
2024-05-09T07:31:53.3379065Z;68
2024-05-09T07:31:53.4018824Z;63
2024-05-09T07:31:53.4690632Z;66
2024-05-09T07:31:53.5345640Z;65
2024-05-09T07:31:53.6004988Z;65
2024-05-09T07:31:53.6697754Z;68
2024-05-09T07:31:53.7362244Z;65
2024-05-09T07:31:53.8022447Z;65
2024-05-09T07:31:53.8673483Z;64
2024-05-09T07:31:53.9340344Z;66
2024-05-09T07:31:54.0000676Z;65
2024-05-09T07:31:54.0639209Z;63
2024-05-09T07:31:54.1284385Z;64
2024-05-09T07:31:54.1933794Z;64
2024-05-09T07:31:54.2606127Z;66
2024-05-09T07:31:54.3479592Z;87
2024-05-09T07:31:54.4152859Z;66
2024-05-09T07:31:54.4790818Z;63
2024-05-09T07:31:54.5429457Z;63
2024-05-09T07:31:54.6084752Z;65
2024-05-09T07:31:54.6739882Z;65
2024-05-09T07:31:54.7469754Z;72
2024-05-09T07:31:54.8135785Z;66
2024-05-09T07:31:54.8922023Z;77
2024-05-09T07:31:54.9596690Z;67
2024-05-09T07:31:55.0243997Z;63
2024-05-09T07:31:55.0975359Z;72
2024-05-09T07:31:55.1632738Z;65
2024-05-09T07:31:55.2303051Z;66
2024-05-09T07:31:55.2975152Z;66
2024-05-09T07:31:55.3613147Z;63
2024-05-09T07:31:55.4353089Z;73
2024-05-09T07:31:55.5041451Z;68
2024-05-09T07:31:55.5697001Z;65
2024-05-09T07:31:55.6336242Z;63
2024-05-09T07:31:55.6979889Z;64
2024-05-09T07:31:55.7714206Z;72
2024-05-09T07:31:55.8370155Z;65
2024-05-09T07:31:55.9025522Z;65
2024-05-09T07:31:55.9662945Z;63
2024-05-09T07:31:56.0315207Z;64
2024-05-09T07:31:56.1041790Z;72
2024-05-09T07:31:56.1747688Z;70
2024-05-09T07:31:56.2420800Z;66
2024-05-09T07:31:56.3092389Z;66
2024-05-09T07:31:56.3746979Z;65
2024-05-09T07:31:56.4385522Z;63
2024-05-09T07:31:56.5058604Z;67
2024-05-09T07:31:56.5713430Z;65
2024-05-09T07:31:56.6572163Z;84
2024-05-09T07:31:56.7267518Z;68
2024-05-09T07:31:56.7932415Z;66
2024-05-09T07:31:56.8576470Z;64
2024-05-09T07:31:56.9225383Z;64
2024-05-09T07:31:56.9896112Z;65
2024-05-09T07:31:57.0570713Z;67
2024-05-09T07:31:57.1596229Z;70
2024-05-09T07:31:57.2267937Z;66
2024-05-09T07:31:57.2955147Z;68
2024-05-09T07:31:57.3611105Z;65
2024-05-09T07:31:57.4272605Z;65
2024-05-09T07:31:57.4968095Z;69
2024-05-09T07:31:57.5613192Z;64
2024-05-09T07:31:57.6268234Z;65
2024-05-09T07:31:57.6923141Z;64
2024-05-09T07:31:57.7604527Z;67
2024-05-09T07:31:57.8250645Z;64
2024-05-09T07:31:57.8888715Z;63
2024-05-09T07:31:57.9527304Z;63
2024-05-09T07:31:58.0184199Z;65
2024-05-09T07:31:58.0822151Z;63
2024-05-09T07:31:58.1477205Z;65
2024-05-09T07:31:58.2132176Z;65
2024-05-09T07:31:58.2788614Z;65
2024-05-09T07:31:58.3444107Z;65
2024-05-09T07:31:58.4098523Z;65
2024-05-09T07:31:58.4771399Z;66
2024-05-09T07:31:58.5452428Z;67
2024-05-09T07:31:58.6115389Z;65
2024-05-09T07:31:58.6772193Z;65
2024-05-09T07:31:58.7409521Z;63
2024-05-09T07:31:58.8064587Z;65
2024-05-09T07:31:58.8734719Z;65
2024-05-09T07:31:58.9376118Z;63
2024-05-09T07:31:59.0014096Z;63
2024-05-09T07:31:59.0666014Z;64
2024-05-09T07:31:59.1308081Z;63
2024-05-09T07:31:59.1946805Z;63
2024-05-09T07:31:59.2585558Z;63
2024-05-09T07:31:59.3229074Z;64
2024-05-09T07:31:59.3880701Z;64
2024-05-09T07:31:59.4546588Z;66
2024-05-09T07:31:59.5190264Z;63
2024-05-09T07:31:59.5829478Z;63
2024-05-09T07:31:59.6492024Z;65
2024-05-09T07:31:59.7172696Z;67
2024-05-09T07:31:59.7845863Z;65
2024-05-09T07:31:59.8517498Z;66
2024-05-09T07:31:59.9267074Z;73
2024-05-09T07:31:59.9929655Z;65
2024-05-09T07:32:00.0591170Z;65
2024-05-09T07:32:00.1240524Z;64
2024-05-09T07:32:00.1895405Z;65
2024-05-09T07:32:00.2568270Z;65
2024-05-09T07:32:00.3229346Z;65
2024-05-09T07:32:00.3878520Z;64
2024-05-09T07:32:00.4501755Z;62
2024-05-09T07:32:00.5273533Z;76
2024-05-09T07:32:00.5937553Z;66
2024-05-09T07:32:00.6567970Z;62
2024-05-09T07:32:00.7223267Z;65
2024-05-09T07:32:00.7844545Z;61
2024-05-09T07:32:00.8506981Z;65
2024-05-09T07:32:00.9207251Z;69
2024-05-09T07:32:00.9878595Z;66
2024-05-09T07:32:01.0567648Z;68
2024-05-09T07:32:01.1222649Z;65
2024-05-09T07:32:01.1860976Z;63
2024-05-09T07:32:01.2517227Z;65
2024-05-09T07:32:01.3205864Z;68
2024-05-09T07:32:01.4248067Z;103
2024-05-09T07:32:01.4944981Z;69
2024-05-09T07:32:01.5592657Z;64
2024-05-09T07:32:01.6246717Z;65
2024-05-09T07:32:01.6919956Z;67
2024-05-09T07:32:01.7611186Z;68
2024-05-09T07:32:01.8280756Z;66
2024-05-09T07:32:01.8927835Z;64
2024-05-09T07:32:01.9690468Z;75
2024-05-09T07:32:02.0347918Z;65
2024-05-09T07:32:02.1188738Z;83
2024-05-09T07:32:02.1843939Z;65
2024-05-09T07:32:02.2519258Z;66
2024-05-09T07:32:02.3171534Z;64
2024-05-09T07:32:02.3810701Z;63
2024-05-09T07:32:02.4475388Z;65
2024-05-09T07:32:02.5104803Z;62
2024-05-09T07:32:02.5978769Z;68
2024-05-09T07:32:02.6633435Z;65
2024-05-09T07:32:02.7339498Z;70
2024-05-09T07:32:02.8179869Z;83
2024-05-09T07:32:02.8818577Z;63
2024-05-09T07:32:02.9547671Z;72
2024-05-09T07:32:03.0262991Z;71
2024-05-09T07:32:03.1077282Z;81
2024-05-09T07:32:03.1742252Z;66
2024-05-09T07:32:03.2397544Z;65
2024-05-09T07:32:03.3036198Z;63
2024-05-09T07:32:03.3676475Z;63
2024-05-09T07:32:03.4313654Z;63
2024-05-09T07:32:03.4953704Z;63
2024-05-09T07:32:03.5607708Z;64
2024-05-09T07:32:03.6246857Z;63
2024-05-09T07:32:03.6885586Z;63
2024-05-09T07:32:03.7540904Z;65
2024-05-09T07:32:03.8236774Z;69
2024-05-09T07:32:03.8923030Z;68
2024-05-09T07:32:03.9876508Z;74
2024-05-09T07:32:04.0599414Z;71
2024-05-09T07:32:04.1237054Z;63
2024-05-09T07:32:04.1875620Z;63
2024-05-09T07:32:04.2515417Z;63
2024-05-09T07:32:04.3158560Z;63
2024-05-09T07:32:04.3792467Z;63
2024-05-09T07:32:04.4430550Z;63
2024-05-09T07:32:04.5068515Z;63
2024-05-09T07:32:04.5741063Z;66
2024-05-09T07:32:04.6396276Z;65
2024-05-09T07:32:04.7087600Z;68
2024-05-09T07:32:04.7741378Z;65
2024-05-09T07:32:04.8396448Z;65
2024-05-09T07:32:04.9061258Z;66
2024-05-09T07:32:04.9706737Z;64
2024-05-09T07:32:05.0346211Z;63
2024-05-09T07:32:05.0984150Z;63
2024-05-09T07:32:05.1639971Z;65
2024-05-09T07:32:05.2279404Z;63
2024-05-09T07:32:05.2933930Z;65
2024-05-09T07:32:05.3588451Z;65
2024-05-09T07:32:05.4211387Z;61
2024-05-09T07:32:05.4895949Z;68
2024-05-09T07:32:05.5539684Z;63
2024-05-09T07:32:05.6161256Z;61
2024-05-09T07:32:05.6816164Z;65
2024-05-09T07:32:05.7487624Z;66
2024-05-09T07:32:05.8194332Z;70
2024-05-09T07:32:05.8854109Z;65
2024-05-09T07:32:05.9521723Z;66
2024-05-09T07:32:06.0194413Z;66
2024-05-09T07:32:06.0870844Z;67
2024-05-09T07:32:06.1538805Z;66
2024-05-09T07:32:06.2194809Z;65
2024-05-09T07:32:06.2883672Z;68
2024-05-09T07:32:06.3555097Z;66
2024-05-09T07:32:06.4227519Z;66
2024-05-09T07:32:06.4899732Z;66
2024-05-09T07:32:06.5572401Z;66
2024-05-09T07:32:06.6243970Z;66
2024-05-09T07:32:06.6907433Z;66
2024-05-09T07:32:06.7588897Z;67
2024-05-09T07:32:06.8277478Z;67
2024-05-09T07:32:06.8932820Z;65
2024-05-09T07:32:06.9616720Z;67
2024-05-09T07:32:07.0260553Z;63
2024-05-09T07:32:07.0898835Z;63
2024-05-09T07:32:07.1538285Z;63
2024-05-09T07:32:07.2193090Z;65
2024-05-09T07:32:07.2848678Z;65
2024-05-09T07:32:07.3507072Z;65
2024-05-09T07:32:07.4159284Z;64
2024-05-09T07:32:07.4798005Z;63
2024-05-09T07:32:07.5454060Z;65
2024-05-09T07:32:07.6108942Z;65
2024-05-09T07:32:07.6746879Z;63
2024-05-09T07:32:07.7402731Z;65
2024-05-09T07:32:07.8075663Z;66
2024-05-09T07:32:07.8747198Z;65
2024-05-09T07:32:07.9407749Z;65
2024-05-09T07:32:08.0058926Z;64
2024-05-09T07:32:08.0713373Z;65
2024-05-09T07:32:08.1402953Z;67
2024-05-09T07:32:08.2057583Z;65
2024-05-09T07:32:08.2747168Z;68
2024-05-09T07:32:08.3487551Z;73
2024-05-09T07:32:08.4141687Z;65
2024-05-09T07:32:08.4780280Z;63
2024-05-09T07:32:08.5418831Z;63
2024-05-09T07:32:08.6108097Z;68
2024-05-09T07:32:08.6770124Z;65
2024-05-09T07:32:08.7436081Z;66
2024-05-09T07:32:08.8141521Z;70
2024-05-09T07:32:08.8814190Z;66
2024-05-09T07:32:08.9486030Z;66
2024-05-09T07:32:09.0141763Z;65
2024-05-09T07:32:09.0780199Z;63
2024-05-09T07:32:09.1423856Z;63
2024-05-09T07:32:09.2074191Z;64
2024-05-09T07:32:09.2716132Z;63
2024-05-09T07:32:09.3369005Z;64
2024-05-09T07:32:09.4024165Z;65
2024-05-09T07:32:09.4662310Z;63
2024-05-09T07:32:09.5313156Z;63
2024-05-09T07:32:09.5956520Z;63
2024-05-09T07:32:09.6577933Z;61
2024-05-09T07:32:09.7463045Z;87
2024-05-09T07:32:09.8107506Z;64
2024-05-09T07:32:09.8786295Z;67
2024-05-09T07:32:09.9452806Z;66
2024-05-09T07:32:10.0275477Z;81
2024-05-09T07:32:10.0913563Z;63
2024-05-09T07:32:10.1568632Z;65
2024-05-09T07:32:10.2225344Z;65
2024-05-09T07:32:10.2883309Z;65
2024-05-09T07:32:10.3573888Z;68
2024-05-09T07:32:10.4224908Z;64
2024-05-09T07:32:10.4880075Z;65
2024-05-09T07:32:10.5569579Z;68
2024-05-09T07:32:10.6215037Z;64
2024-05-09T07:32:10.6863238Z;64
2024-05-09T07:32:10.8140563Z;76
2024-05-09T07:32:10.8796369Z;65
2024-05-09T07:32:10.9517804Z;71
2024-05-09T07:32:11.0190670Z;66
2024-05-09T07:32:11.0829231Z;63
2024-05-09T07:32:11.1500609Z;66
2024-05-09T07:32:11.2124041Z;61
2024-05-09T07:32:11.2778646Z;65
2024-05-09T07:32:11.3487051Z;70
2024-05-09T07:32:11.4156667Z;66
2024-05-09T07:32:11.4778578Z;61
2024-05-09T07:32:11.5417442Z;63
2024-05-09T07:32:11.6055829Z;63
2024-05-09T07:32:11.6711251Z;65
2024-05-09T07:32:11.7391646Z;66
2024-05-09T07:32:11.8038703Z;64
2024-05-09T07:32:11.8694939Z;65
2024-05-09T07:32:11.9567452Z;86
2024-05-09T07:32:12.0380213Z;80
2024-05-09T07:32:12.1214989Z;83
2024-05-09T07:32:12.1870088Z;65
2024-05-09T07:32:12.2542140Z;66
2024-05-09T07:32:12.3197506Z;65
2024-05-09T07:32:12.3903165Z;70
2024-05-09T07:32:12.4576310Z;66
2024-05-09T07:32:12.5248061Z;66
2024-05-09T07:32:12.5920114Z;66
2024-05-09T07:32:12.6576855Z;65
2024-05-09T07:32:12.7282369Z;70
2024-05-09T07:32:12.7950825Z;65
2024-05-09T07:32:12.8676225Z;72
2024-05-09T07:32:12.9340703Z;65
2024-05-09T07:32:12.9987584Z;64
2024-05-09T07:32:13.0657730Z;65
2024-05-09T07:32:13.1314979Z;65
2024-05-09T07:32:13.1953552Z;63
2024-05-09T07:32:13.2625823Z;66
2024-05-09T07:32:13.3298263Z;66
2024-05-09T07:32:13.3953620Z;65
2024-05-09T07:32:13.4625766Z;66
2024-05-09T07:32:13.5280878Z;65
2024-05-09T07:32:13.5952131Z;66
2024-05-09T07:32:13.6591855Z;63
2024-05-09T07:32:13.7230801Z;63
2024-05-09T07:32:13.8097592Z;73
2024-05-09T07:32:13.8743075Z;64
2024-05-09T07:32:13.9382472Z;63
2024-05-09T07:32:14.0049063Z;66
2024-05-09T07:32:14.0693077Z;64
2024-05-09T07:32:14.1331796Z;63
2024-05-09T07:32:14.1985614Z;65
2024-05-09T07:32:14.2625482Z;63
2024-05-09T07:32:14.3280944Z;65
2024-05-09T07:32:14.3935915Z;65
2024-05-09T07:32:14.4591492Z;65
2024-05-09T07:32:14.5245802Z;63
2024-05-09T07:32:14.5885110Z;63
2024-05-09T07:32:14.6506741Z;61
2024-05-09T07:32:14.7145777Z;63
2024-05-09T07:32:14.7819498Z;66
2024-05-09T07:32:14.8519880Z;67
2024-05-09T07:32:14.9206371Z;68
2024-05-09T07:32:14.9850939Z;63
2024-05-09T07:32:15.0525718Z;67
2024-05-09T07:32:15.1196247Z;66
2024-05-09T07:32:15.1850570Z;65
2024-05-09T07:32:15.2490406Z;63
2024-05-09T07:32:15.3128251Z;63
2024-05-09T07:32:15.3766336Z;63
2024-05-09T07:32:15.4523831Z;75
2024-05-09T07:32:15.5397770Z;87
2024-05-09T07:32:15.6052858Z;65
2024-05-09T07:32:15.6773061Z;71
2024-05-09T07:32:15.7447964Z;67
2024-05-09T07:32:15.8119306Z;66
2024-05-09T07:32:15.8782531Z;65
2024-05-09T07:32:15.9465695Z;67
2024-05-09T07:32:16.0135543Z;65
2024-05-09T07:32:16.0809051Z;67
2024-05-09T07:32:16.1490935Z;66
2024-05-09T07:32:16.2135808Z;64
2024-05-09T07:32:16.2825431Z;68
2024-05-09T07:32:16.3699569Z;87
2024-05-09T07:32:16.4388373Z;67
2024-05-09T07:32:16.5031905Z;63
2024-05-09T07:32:16.5699007Z;66
2024-05-09T07:32:16.6371346Z;66
2024-05-09T07:32:16.7026479Z;65
2024-05-09T07:32:16.7671598Z;64
2024-05-09T07:32:16.8338002Z;66
2024-05-09T07:32:16.8976109Z;63
2024-05-09T07:32:16.9618108Z;63
2024-05-09T07:32:17.0270009Z;64
2024-05-09T07:32:17.0908531Z;63
2024-05-09T07:32:17.1547508Z;63
2024-05-09T07:32:17.2203393Z;65
2024-05-09T07:32:17.2860884Z;65
2024-05-09T07:32:17.3513756Z;64
2024-05-09T07:32:17.4168682Z;65
2024-05-09T07:32:17.4807515Z;63
2024-05-09T07:32:17.5530785Z;71
2024-05-09T07:32:17.6269622Z;73
2024-05-09T07:32:17.6992655Z;71
2024-05-09T07:32:17.7631208Z;63
2024-05-09T07:32:17.8470893Z;83
2024-05-09T07:32:17.9092945Z;61
2024-05-09T07:32:17.9753946Z;65
2024-05-09T07:32:18.0420660Z;66
2024-05-09T07:32:18.1059476Z;63
2024-05-09T07:32:18.1704504Z;64
2024-05-09T07:32:18.2455971Z;73
2024-05-09T07:32:18.3143013Z;68
2024-05-09T07:32:18.3784850Z;63
2024-05-09T07:32:18.4437124Z;64
2024-05-09T07:32:18.5101334Z;66
2024-05-09T07:32:18.5748138Z;64
2024-05-09T07:32:18.6386107Z;63
2024-05-09T07:32:18.7024532Z;63
2024-05-09T07:32:18.7696808Z;66
2024-05-09T07:32:18.8335520Z;63
2024-05-09T07:32:18.8974331Z;63
2024-05-09T07:32:18.9618288Z;63
2024-05-09T07:32:19.0269176Z;64
2024-05-09T07:32:19.0908628Z;63
2024-05-09T07:32:19.1564435Z;65
2024-05-09T07:32:19.2202200Z;63
2024-05-09T07:32:19.2840317Z;63
2024-05-09T07:32:19.3462203Z;61
2024-05-09T07:32:19.4117485Z;65
2024-05-09T07:32:19.4772975Z;65
2024-05-09T07:32:19.5394596Z;61
2024-05-09T07:32:19.6033256Z;63
2024-05-09T07:32:19.6704972Z;66
2024-05-09T07:32:19.7360645Z;65
2024-05-09T07:32:19.8020584Z;65
2024-05-09T07:32:19.8672253Z;64
2024-05-09T07:32:19.9339767Z;66
2024-05-09T07:32:19.9998755Z;65
2024-05-09T07:32:20.0705418Z;70
2024-05-09T07:32:20.1351469Z;64
2024-05-09T07:32:20.2049089Z;69
2024-05-09T07:32:20.2721597Z;66
2024-05-09T07:32:20.3377782Z;65
2024-05-09T07:32:20.4015658Z;63
2024-05-09T07:32:20.4654027Z;63
2024-05-09T07:32:20.5394135Z;73
2024-05-09T07:32:20.6049004Z;65
2024-05-09T07:32:20.6697427Z;63
2024-05-09T07:32:20.7359898Z;65
2024-05-09T07:32:20.8032362Z;66
2024-05-09T07:32:20.8738141Z;70
2024-05-09T07:32:20.9577059Z;83
2024-05-09T07:32:21.0249683Z;66
2024-05-09T07:32:21.0940205Z;68
2024-05-09T07:32:21.1596411Z;65
2024-05-09T07:32:21.2266417Z;66
2024-05-09T07:32:21.2905490Z;63
2024-05-09T07:32:21.3646239Z;73
2024-05-09T07:32:21.4340508Z;68
2024-05-09T07:32:21.5006574Z;66
2024-05-09T07:32:21.5662807Z;65
2024-05-09T07:32:21.6317188Z;65
2024-05-09T07:32:21.7117518Z;79
2024-05-09T07:32:21.7814099Z;69
2024-05-09T07:32:21.8467479Z;64
2024-05-09T07:32:21.9158068Z;68
2024-05-09T07:32:21.9863372Z;70
2024-05-09T07:32:22.0729856Z;86
2024-05-09T07:32:22.1478583Z;74
2024-05-09T07:32:22.2132080Z;64
2024-05-09T07:32:22.2787891Z;65
2024-05-09T07:32:22.3459456Z;66
2024-05-09T07:32:22.4098643Z;63
2024-05-09T07:32:22.4770240Z;66
2024-05-09T07:32:22.5425847Z;65
2024-05-09T07:32:22.6097840Z;66
2024-05-09T07:32:22.6753174Z;65
2024-05-09T07:32:22.7398038Z;64
2024-05-09T07:32:22.8047250Z;64
2024-05-09T07:32:22.8713833Z;66
2024-05-09T07:32:22.9359115Z;64
2024-05-09T07:32:23.0131087Z;76
2024-05-09T07:32:23.0769573Z;63
2024-05-09T07:32:23.1408443Z;63
2024-05-09T07:32:23.2063055Z;65
2024-05-09T07:32:23.2719574Z;65
2024-05-09T07:32:23.3439159Z;70
2024-05-09T07:32:23.4080960Z;63
2024-05-09T07:32:23.4754474Z;66
2024-05-09T07:32:23.5424829Z;66
2024-05-09T07:32:23.6076133Z;64
2024-05-09T07:32:23.6719051Z;63
2024-05-09T07:32:23.7395637Z;67
2024-05-09T07:32:23.8164222Z;76
2024-05-09T07:32:23.8820381Z;65
2024-05-09T07:32:23.9478264Z;65
2024-05-09T07:32:24.0130032Z;64
2024-05-09T07:32:24.0752168Z;61
2024-05-09T07:32:24.1407679Z;65
2024-05-09T07:32:24.2063204Z;65
2024-05-09T07:32:24.2718092Z;65
2024-05-09T07:32:24.3631471Z;90
2024-05-09T07:32:24.4410643Z;76
2024-05-09T07:32:24.5189098Z;77
2024-05-09T07:32:24.5828633Z;63
2024-05-09T07:32:24.6467043Z;63
2024-05-09T07:32:24.7138772Z;66
2024-05-09T07:32:24.7816731Z;67
2024-05-09T07:32:24.8482612Z;66
2024-05-09T07:32:24.9154310Z;66
2024-05-09T07:32:24.9827038Z;66
2024-05-09T07:32:25.0522677Z;68
2024-05-09T07:32:25.1214719Z;68
2024-05-09T07:32:25.1860808Z;64
2024-05-09T07:32:25.2498931Z;63
2024-05-09T07:32:25.3171216Z;66
2024-05-09T07:32:25.3826982Z;65
2024-05-09T07:32:25.4482685Z;65
2024-05-09T07:32:25.5120684Z;63
2024-05-09T07:32:25.5777432Z;65
2024-05-09T07:32:25.6432377Z;65
2024-05-09T07:32:25.7088049Z;65
2024-05-09T07:32:25.7776386Z;68
2024-05-09T07:32:25.8509566Z;72
2024-05-09T07:32:25.9170711Z;65
2024-05-09T07:32:25.9830562Z;65
2024-05-09T07:32:26.0499002Z;66
2024-05-09T07:32:26.1220841Z;71
2024-05-09T07:32:26.1961189Z;73
2024-05-09T07:32:26.2674546Z;70
2024-05-09T07:32:26.3338215Z;66
2024-05-09T07:32:26.4062676Z;72
2024-05-09T07:32:26.4716961Z;65
2024-05-09T07:32:26.5388561Z;66
2024-05-09T07:32:26.6044655Z;65
2024-05-09T07:32:26.6683223Z;63
2024-05-09T07:32:26.7304535Z;61
2024-05-09T07:32:26.8019220Z;71
2024-05-09T07:32:26.8751127Z;72
2024-05-09T07:32:26.9457340Z;70
2024-05-09T07:32:27.0111764Z;65
2024-05-09T07:32:27.0767159Z;65
2024-05-09T07:32:27.1456586Z;68
2024-05-09T07:32:27.2145429Z;68
2024-05-09T07:32:27.2817285Z;66
2024-05-09T07:32:27.3523295Z;70
2024-05-09T07:32:27.4162434Z;63
2024-05-09T07:32:27.4826981Z;66
2024-05-09T07:32:27.5489976Z;65
2024-05-09T07:32:27.6146018Z;65
2024-05-09T07:32:27.6817449Z;66
2024-05-09T07:32:27.7465874Z;64
2024-05-09T07:32:27.8178662Z;70
2024-05-09T07:32:27.9000948Z;81
2024-05-09T07:32:27.9707554Z;70
2024-05-09T07:32:28.0366278Z;65
2024-05-09T07:32:28.1169876Z;79
2024-05-09T07:32:28.1824771Z;65
2024-05-09T07:32:28.2514855Z;67
2024-05-09T07:32:28.3270239Z;75
2024-05-09T07:32:28.3974830Z;70
2024-05-09T07:32:28.4917215Z;75
2024-05-09T07:32:28.5590653Z;66
2024-05-09T07:32:28.6261112Z;66
2024-05-09T07:32:28.6909112Z;64
2024-05-09T07:32:28.7572726Z;66
2024-05-09T07:32:28.8244091Z;66
2024-05-09T07:32:28.8884283Z;63
2024-05-09T07:32:28.9546689Z;65
2024-05-09T07:32:29.0210126Z;65
2024-05-09T07:32:29.0849456Z;63
2024-05-09T07:32:29.1504374Z;65
2024-05-09T07:32:29.2143529Z;63
2024-05-09T07:32:29.2816057Z;66
2024-05-09T07:32:29.3454994Z;63
2024-05-09T07:32:29.4109536Z;65
2024-05-09T07:32:29.4782069Z;66
2024-05-09T07:32:29.5420287Z;63
2024-05-09T07:32:29.6193076Z;76
2024-05-09T07:32:29.7017765Z;82
2024-05-09T07:32:29.7690333Z;66
2024-05-09T07:32:29.8513013Z;71
2024-05-09T07:32:29.9168289Z;65
2024-05-09T07:32:29.9807182Z;63
2024-05-09T07:32:30.0479207Z;66
2024-05-09T07:32:30.1151567Z;66
2024-05-09T07:32:30.1789993Z;63
2024-05-09T07:32:30.2445439Z;65
2024-05-09T07:32:30.3117232Z;66
2024-05-09T07:32:30.3785897Z;66
2024-05-09T07:32:30.4427734Z;63
2024-05-09T07:32:30.5067123Z;63
2024-05-09T07:32:30.5739489Z;66
2024-05-09T07:32:30.6378430Z;63
2024-05-09T07:32:30.7034160Z;65
2024-05-09T07:32:30.7689068Z;64
2024-05-09T07:32:30.8343898Z;65
2024-05-09T07:32:30.8993032Z;64
2024-05-09T07:32:30.9654851Z;65
2024-05-09T07:32:31.0326810Z;66
2024-05-09T07:32:31.0965321Z;63
2024-05-09T07:32:31.1707414Z;73
2024-05-09T07:32:31.2465474Z;67
2024-05-09T07:32:31.3116884Z;64
2024-05-09T07:32:31.3822698Z;70
2024-05-09T07:32:31.4462748Z;63
2024-05-09T07:32:31.5116431Z;65
2024-05-09T07:32:31.5796841Z;67
2024-05-09T07:32:31.6460626Z;65
2024-05-09T07:32:31.7099776Z;63
2024-05-09T07:32:31.7743001Z;63
2024-05-09T07:32:31.8505510Z;71
2024-05-09T07:32:31.9166395Z;65
2024-05-09T07:32:31.9872239Z;70
2024-05-09T07:32:32.0527998Z;65
2024-05-09T07:32:32.1267207Z;73
2024-05-09T07:32:32.1926314Z;65
2024-05-09T07:32:32.2578067Z;64
2024-05-09T07:32:32.3232787Z;64
2024-05-09T07:32:32.3872285Z;63
2024-05-09T07:32:32.4510440Z;63
2024-05-09T07:32:32.5149735Z;63
2024-05-09T07:32:32.5839220Z;68
2024-05-09T07:32:32.6475992Z;63
2024-05-09T07:32:32.7148898Z;67
2024-05-09T07:32:32.7838426Z;68
2024-05-09T07:32:32.8504654Z;65
2024-05-09T07:32:32.9201299Z;69
2024-05-09T07:32:32.9855472Z;64
2024-05-09T07:32:33.0493330Z;63
2024-05-09T07:32:33.1115372Z;61
2024-05-09T07:32:33.1772970Z;65
2024-05-09T07:32:33.2426369Z;64
2024-05-09T07:32:33.3133252Z;70
2024-05-09T07:32:33.3839225Z;70
2024-05-09T07:32:33.4493008Z;63
2024-05-09T07:32:33.5131942Z;63
2024-05-09T07:32:33.5821876Z;68
2024-05-09T07:32:33.6493789Z;66
2024-05-09T07:32:33.7165565Z;66
2024-05-09T07:32:33.7837360Z;66
2024-05-09T07:32:33.8648182Z;80
2024-05-09T07:32:33.9384044Z;69
2024-05-09T07:32:34.0056208Z;66
2024-05-09T07:32:34.0711276Z;65
2024-05-09T07:32:34.1351872Z;63
2024-05-09T07:32:34.2005514Z;65
2024-05-09T07:32:34.2643985Z;63
2024-05-09T07:32:34.3300277Z;65
2024-05-09T07:32:34.3954636Z;65
2024-05-09T07:32:34.4593699Z;63
2024-05-09T07:32:34.5242474Z;64
2024-05-09T07:32:34.5921333Z;67
2024-05-09T07:32:34.6576162Z;65
2024-05-09T07:32:34.7215162Z;63
2024-05-09T07:32:34.7856403Z;63
2024-05-09T07:32:34.8509379Z;64
2024-05-09T07:32:34.9501384Z;98
2024-05-09T07:32:35.0139527Z;63
2024-05-09T07:32:35.0796026Z;65
2024-05-09T07:32:35.1467652Z;66
2024-05-09T07:32:35.2122419Z;65
2024-05-09T07:32:35.3062219Z;76
2024-05-09T07:32:35.3711114Z;63
2024-05-09T07:32:35.4357491Z;64
2024-05-09T07:32:35.5130555Z;76
2024-05-09T07:32:35.5853180Z;71
2024-05-09T07:32:35.6508590Z;64
2024-05-09T07:32:35.7146676Z;63
2024-05-09T07:32:35.7768622Z;61
2024-05-09T07:32:35.8425498Z;65
2024-05-09T07:32:35.9096684Z;65
2024-05-09T07:32:35.9735297Z;63
2024-05-09T07:32:36.0379444Z;63
2024-05-09T07:32:36.1012592Z;62
2024-05-09T07:32:36.1786252Z;76
2024-05-09T07:32:36.2660853Z;87
2024-05-09T07:32:36.3315011Z;64
2024-05-09T07:32:36.3995165Z;67
2024-05-09T07:32:36.4659133Z;66
2024-05-09T07:32:36.5331224Z;66
2024-05-09T07:32:36.5969174Z;63
2024-05-09T07:32:36.6895235Z;85
2024-05-09T07:32:36.7549004Z;64
2024-05-09T07:32:36.8226877Z;67
2024-05-09T07:32:36.8895480Z;66
2024-05-09T07:32:36.9549604Z;65
2024-05-09T07:32:37.0204839Z;65
2024-05-09T07:32:37.0875760Z;66
2024-05-09T07:32:37.1533124Z;65
2024-05-09T07:32:37.2170838Z;63
2024-05-09T07:32:37.2810863Z;63
2024-05-09T07:32:37.3467190Z;64
2024-05-09T07:32:37.4131484Z;66
2024-05-09T07:32:37.4809734Z;67
2024-05-09T07:32:37.5431412Z;61
2024-05-09T07:32:37.6053747Z;61
2024-05-09T07:32:37.6725822Z;66
2024-05-09T07:32:37.7399612Z;67
2024-05-09T07:32:37.8120956Z;71
2024-05-09T07:32:37.8792315Z;66
2024-05-09T07:32:37.9549236Z;74
2024-05-09T07:32:38.0625586Z;65
2024-05-09T07:32:38.1296366Z;66
2024-05-09T07:32:38.1952145Z;65
2024-05-09T07:32:38.2590494Z;63
2024-05-09T07:32:38.3246891Z;64
2024-05-09T07:32:38.3902180Z;65
2024-05-09T07:32:38.4547520Z;64
2024-05-09T07:32:38.5195953Z;64
2024-05-09T07:32:38.5834568Z;63
2024-05-09T07:32:38.6472370Z;63
2024-05-09T07:32:38.7117695Z;64
2024-05-09T07:32:38.7766239Z;64
2024-05-09T07:32:38.8406063Z;63
2024-05-09T07:32:38.9062248Z;65
2024-05-09T07:32:38.9766210Z;70
2024-05-09T07:32:39.0422365Z;65
2024-05-09T07:32:39.1127983Z;70
2024-05-09T07:32:39.1800051Z;66
2024-05-09T07:32:39.2488666Z;68
2024-05-09T07:32:39.3127702Z;63
2024-05-09T07:32:39.3922953Z;73
2024-05-09T07:32:39.4573067Z;64
2024-05-09T07:32:39.5244774Z;66
2024-05-09T07:32:39.5884024Z;63
2024-05-09T07:32:39.6523147Z;63
2024-05-09T07:32:39.7161046Z;63
2024-05-09T07:32:39.7806453Z;63
2024-05-09T07:32:39.8454353Z;64
2024-05-09T07:32:39.9093313Z;63
2024-05-09T07:32:39.9732936Z;63
2024-05-09T07:32:40.0421903Z;68
2024-05-09T07:32:40.1110420Z;68
2024-05-09T07:32:40.1771953Z;65
2024-05-09T07:32:40.2464044Z;68
2024-05-09T07:32:40.3110672Z;64
2024-05-09T07:32:40.3764240Z;65
2024-05-09T07:32:40.4455358Z;68
2024-05-09T07:32:40.5143807Z;68
2024-05-09T07:32:40.5798652Z;65
2024-05-09T07:32:40.6471197Z;66
2024-05-09T07:32:40.7113141Z;63
2024-05-09T07:32:40.7782255Z;66
2024-05-09T07:32:40.8454244Z;66
2024-05-09T07:32:40.9131995Z;67
2024-05-09T07:32:40.9764682Z;62
2024-05-09T07:32:41.0454265Z;68
2024-05-09T07:32:41.1126301Z;66
2024-05-09T07:32:41.1781270Z;65
2024-05-09T07:32:41.2437046Z;65
2024-05-09T07:32:41.3093238Z;65
2024-05-09T07:32:41.3783241Z;68
2024-05-09T07:32:41.4549906Z;76
2024-05-09T07:32:41.5193618Z;63
2024-05-09T07:32:41.5867618Z;67
2024-05-09T07:32:41.6539170Z;66
2024-05-09T07:32:41.7186539Z;64
2024-05-09T07:32:41.7848998Z;65
2024-05-09T07:32:41.8538306Z;68
2024-05-09T07:32:41.9310987Z;76
2024-05-09T07:32:41.9949938Z;63
2024-05-09T07:32:42.0622878Z;66
2024-05-09T07:32:42.1748397Z;112
2024-05-09T07:32:42.2404076Z;65
2024-05-09T07:32:42.3059813Z;65
2024-05-09T07:32:42.3715453Z;65
2024-05-09T07:32:42.4352689Z;63
2024-05-09T07:32:42.5008223Z;65
2024-05-09T07:32:42.5664003Z;65
2024-05-09T07:32:42.6334519Z;66
2024-05-09T07:32:42.6978805Z;64
2024-05-09T07:32:42.7629439Z;64
2024-05-09T07:32:42.8486413Z;85
2024-05-09T07:32:42.9141717Z;65
2024-05-09T07:32:42.9831879Z;68
2024-05-09T07:32:43.0486408Z;65
2024-05-09T07:32:43.1124613Z;63
2024-05-09T07:32:43.1771997Z;64
2024-05-09T07:32:43.2419279Z;64
2024-05-09T07:32:43.3057697Z;63
2024-05-09T07:32:43.3729817Z;66
2024-05-09T07:32:43.4387037Z;65
2024-05-09T07:32:43.5108134Z;71
2024-05-09T07:32:43.5763550Z;65
2024-05-09T07:32:43.6401327Z;63
2024-05-09T07:32:43.7057179Z;65
2024-05-09T07:32:43.7730491Z;66
2024-05-09T07:32:43.8401515Z;65
2024-05-09T07:32:43.9107864Z;70
2024-05-09T07:32:43.9762711Z;65
2024-05-09T07:32:44.0417975Z;65
2024-05-09T07:32:44.1090233Z;66
2024-05-09T07:32:44.1746013Z;65
2024-05-09T07:32:44.2394862Z;64
2024-05-09T07:32:44.3040294Z;64
2024-05-09T07:32:44.3695534Z;65
2024-05-09T07:32:44.4350033Z;65
2024-05-09T07:32:44.5033526Z;67
2024-05-09T07:32:44.5729276Z;69
2024-05-09T07:32:44.6400933Z;66
2024-05-09T07:32:44.7047386Z;64
2024-05-09T07:32:44.7712252Z;66
2024-05-09T07:32:44.8485853Z;72
2024-05-09T07:32:44.9157521Z;66
2024-05-09T07:32:44.9833132Z;67
2024-05-09T07:32:45.0516301Z;67
2024-05-09T07:32:45.1173914Z;65
2024-05-09T07:32:45.1841522Z;66
2024-05-09T07:32:45.2484078Z;63
2024-05-09T07:32:45.3122763Z;63
2024-05-09T07:32:45.3762551Z;63
2024-05-09T07:32:45.4416816Z;65
2024-05-09T07:32:45.5055852Z;63
2024-05-09T07:32:45.5728482Z;66
2024-05-09T07:32:45.6423211Z;69
2024-05-09T07:32:45.7055676Z;62
2024-05-09T07:32:45.7727767Z;66
2024-05-09T07:32:45.8399762Z;66
2024-05-09T07:32:45.9061719Z;65
2024-05-09T07:32:45.9755303Z;68
2024-05-09T07:32:46.0416754Z;65
2024-05-09T07:32:46.1074930Z;64
2024-05-09T07:32:46.1728346Z;64
2024-05-09T07:32:46.2394425Z;65
2024-05-09T07:32:46.3072512Z;67
2024-05-09T07:32:46.3727729Z;65
2024-05-09T07:32:46.4410855Z;67
2024-05-09T07:32:46.5121447Z;70
2024-05-09T07:32:46.5744397Z;61
2024-05-09T07:32:46.6423462Z;67
2024-05-09T07:32:46.7055337Z;62
2024-05-09T07:32:46.7727160Z;66
2024-05-09T07:32:46.8399599Z;66
2024-05-09T07:32:46.9088340Z;68
2024-05-09T07:32:46.9744416Z;65
2024-05-09T07:32:47.0452785Z;68
2024-05-09T07:32:47.1088882Z;63
2024-05-09T07:32:47.1744686Z;65
2024-05-09T07:32:47.2605146Z;75
2024-05-09T07:32:47.3306406Z;69
2024-05-09T07:32:47.3962555Z;65
2024-05-09T07:32:47.4650825Z;68
2024-05-09T07:32:47.5340352Z;68
2024-05-09T07:32:47.6013168Z;66
2024-05-09T07:32:47.6717739Z;70
2024-05-09T07:32:47.7357630Z;63
2024-05-09T07:32:47.8021125Z;65
2024-05-09T07:32:47.8667669Z;64
2024-05-09T07:32:47.9289781Z;61
2024-05-09T07:32:48.0079315Z;78
2024-05-09T07:32:48.0718541Z;63
2024-05-09T07:32:48.1389770Z;64
2024-05-09T07:32:48.2028865Z;63
2024-05-09T07:32:48.2700818Z;66
2024-05-09T07:32:48.3367695Z;66
2024-05-09T07:32:48.4079106Z;70
2024-05-09T07:32:48.4734543Z;65
2024-05-09T07:32:48.5390684Z;65
2024-05-09T07:32:48.6165428Z;76
2024-05-09T07:32:48.6841752Z;67
2024-05-09T07:32:48.7490606Z;64
2024-05-09T07:32:48.8129207Z;63
2024-05-09T07:32:48.8767261Z;63
2024-05-09T07:32:48.9439824Z;66
2024-05-09T07:32:49.0128936Z;68
2024-05-09T07:32:49.0776177Z;64
2024-05-09T07:32:49.1423416Z;64
2024-05-09T07:32:49.2061784Z;63
2024-05-09T07:32:49.2683213Z;61
2024-05-09T07:32:49.3322767Z;63
2024-05-09T07:32:49.3960624Z;63
2024-05-09T07:32:49.4599491Z;63
2024-05-09T07:32:49.5254526Z;65
2024-05-09T07:32:49.5909795Z;65
2024-05-09T07:32:49.6531463Z;61
2024-05-09T07:32:49.7288459Z;75
2024-05-09T07:32:49.7950160Z;65
2024-05-09T07:32:49.8598574Z;64
2024-05-09T07:32:49.9254413Z;65
2024-05-09T07:32:49.9910309Z;65
2024-05-09T07:32:50.0598813Z;68
2024-05-09T07:32:50.1237360Z;63
2024-05-09T07:32:50.1876680Z;63
2024-05-09T07:32:50.2537499Z;65
2024-05-09T07:32:50.3187495Z;64
2024-05-09T07:32:50.3842807Z;65
2024-05-09T07:32:50.4498074Z;64
2024-05-09T07:32:50.5153404Z;65
2024-05-09T07:32:50.5808499Z;65
2024-05-09T07:32:50.6463908Z;65
2024-05-09T07:32:50.7120310Z;65
2024-05-09T07:32:50.7810587Z;68
2024-05-09T07:32:50.8480862Z;66
2024-05-09T07:32:50.9273294Z;78
2024-05-09T07:32:50.9925714Z;64
2024-05-09T07:32:51.0563865Z;63
2024-05-09T07:32:51.1270131Z;70
2024-05-09T07:32:51.1947286Z;65
2024-05-09T07:32:51.2603304Z;65
2024-05-09T07:32:51.3254115Z;64
2024-05-09T07:32:51.3958725Z;70
2024-05-09T07:32:51.4631625Z;67
2024-05-09T07:32:51.5338203Z;70
2024-05-09T07:32:51.5992721Z;65
2024-05-09T07:32:51.6732663Z;72
2024-05-09T07:32:51.7487725Z;75
2024-05-09T07:32:51.8161036Z;67
2024-05-09T07:32:51.8832993Z;66
2024-05-09T07:32:51.9488508Z;65
2024-05-09T07:32:52.0161686Z;66
2024-05-09T07:32:52.0868118Z;69
2024-05-09T07:32:52.1892411Z;102
2024-05-09T07:32:52.2564436Z;66
2024-05-09T07:32:52.3227669Z;65
2024-05-09T07:32:52.3892292Z;66
2024-05-09T07:32:52.4548271Z;65
2024-05-09T07:32:52.5218749Z;66
2024-05-09T07:32:52.5874645Z;65
2024-05-09T07:32:52.6546477Z;66
2024-05-09T07:32:52.7187699Z;63
2024-05-09T07:32:52.7858741Z;66
2024-05-09T07:32:52.8530145Z;66
2024-05-09T07:32:52.9184607Z;65
2024-05-09T07:32:52.9840439Z;65
2024-05-09T07:32:53.0495126Z;65
2024-05-09T07:32:53.1144480Z;64
2024-05-09T07:32:53.1790242Z;64
2024-05-09T07:32:53.2466502Z;67
2024-05-09T07:32:53.3163236Z;69
2024-05-09T07:32:53.3806552Z;63
2024-05-09T07:32:53.4496001Z;68
2024-05-09T07:32:53.5134730Z;63
2024-05-09T07:32:53.5807235Z;66
2024-05-09T07:32:53.6462267Z;65
2024-05-09T07:32:53.7117524Z;65
2024-05-09T07:32:53.7789104Z;66
2024-05-09T07:32:53.8438684Z;64
2024-05-09T07:32:53.9082891Z;64
2024-05-09T07:32:53.9806463Z;72
2024-05-09T07:32:54.0461898Z;65
2024-05-09T07:32:54.1116284Z;65
2024-05-09T07:32:54.1805217Z;68
2024-05-09T07:32:54.2478121Z;66
2024-05-09T07:32:54.3157797Z;66
2024-05-09T07:32:54.3974156Z;73
2024-05-09T07:32:54.4646226Z;66
2024-05-09T07:32:54.5312216Z;65
2024-05-09T07:32:54.5990733Z;67
2024-05-09T07:32:54.6646078Z;65
2024-05-09T07:32:54.7301724Z;65
2024-05-09T07:32:54.7956791Z;65
2024-05-09T07:32:54.8578720Z;61
2024-05-09T07:32:54.9299702Z;71
2024-05-09T07:32:54.9966282Z;66
2024-05-09T07:32:55.0612740Z;64
2024-05-09T07:32:55.1249826Z;63
2024-05-09T07:32:55.1910059Z;65
2024-05-09T07:32:55.2561259Z;64
2024-05-09T07:32:55.3199651Z;63
2024-05-09T07:32:55.3839621Z;63
2024-05-09T07:32:55.4479759Z;63
2024-05-09T07:32:55.5149517Z;66
2024-05-09T07:32:55.5798455Z;63
2024-05-09T07:32:55.6449198Z;64
2024-05-09T07:32:55.7165585Z;71
2024-05-09T07:32:55.7855715Z;68
2024-05-09T07:32:55.8527754Z;66
2024-05-09T07:32:55.9418824Z;88
2024-05-09T07:32:56.0090043Z;66
2024-05-09T07:32:56.0745194Z;64
2024-05-09T07:32:56.1404384Z;65
2024-05-09T07:32:56.2117212Z;70
2024-05-09T07:32:56.2761869Z;64
2024-05-09T07:32:56.3401377Z;63
2024-05-09T07:32:56.4062857Z;65
2024-05-09T07:32:56.4756649Z;68
2024-05-09T07:32:56.5417126Z;65
2024-05-09T07:32:56.6075900Z;65
2024-05-09T07:32:56.6728624Z;64
2024-05-09T07:32:56.7417190Z;68
2024-05-09T07:32:56.8056750Z;63
2024-05-09T07:32:56.8715882Z;65
2024-05-09T07:32:56.9366287Z;64
2024-05-09T07:32:57.0039344Z;66
2024-05-09T07:32:57.0694313Z;65
2024-05-09T07:32:57.1367769Z;66
2024-05-09T07:32:57.2020960Z;64
2024-05-09T07:32:57.2678974Z;65
2024-05-09T07:32:57.3333797Z;65
2024-05-09T07:32:57.3993406Z;65
2024-05-09T07:32:57.4644408Z;64
2024-05-09T07:32:57.5299267Z;65
2024-05-09T07:32:57.5954642Z;64
2024-05-09T07:32:57.6610283Z;65
2024-05-09T07:32:57.7256317Z;64
2024-05-09T07:32:57.7904049Z;64
2024-05-09T07:32:57.8543266Z;63
2024-05-09T07:32:57.9180563Z;63
2024-05-09T07:32:57.9836526Z;65
2024-05-09T07:32:58.0576429Z;73
2024-05-09T07:32:58.1230696Z;65
2024-05-09T07:32:58.1886913Z;65
2024-05-09T07:32:58.2534976Z;64
2024-05-09T07:32:58.3180402Z;64
2024-05-09T07:32:58.3802672Z;61
2024-05-09T07:32:58.4979189Z;75
2024-05-09T07:32:58.5668318Z;68
2024-05-09T07:32:58.6323493Z;65
2024-05-09T07:32:58.6996139Z;66
2024-05-09T07:32:58.7651863Z;65
2024-05-09T07:32:58.8298932Z;64
2024-05-09T07:32:58.8961772Z;65
2024-05-09T07:32:58.9618309Z;65
2024-05-09T07:32:59.0272398Z;65
2024-05-09T07:32:59.0962799Z;68
2024-05-09T07:32:59.1617331Z;65
2024-05-09T07:32:59.2281324Z;64
2024-05-09T07:32:59.2954317Z;66
2024-05-09T07:32:59.3600231Z;64
2024-05-09T07:32:59.4239211Z;63
2024-05-09T07:32:59.4911183Z;66
2024-05-09T07:32:59.5589800Z;67
2024-05-09T07:32:59.6238999Z;64
2024-05-09T07:32:59.6877494Z;63
2024-05-09T07:32:59.7516661Z;63
2024-05-09T07:32:59.8159641Z;63
2024-05-09T07:32:59.8810330Z;64
2024-05-09T07:32:59.9465461Z;65
2024-05-09T07:33:00.0138867Z;66
2024-05-09T07:33:00.0799884Z;65
2024-05-09T07:33:00.1447930Z;64
2024-05-09T07:33:00.2087059Z;63
2024-05-09T07:33:00.2709210Z;61
2024-05-09T07:33:00.3373946Z;65
2024-05-09T07:33:00.4036381Z;65
2024-05-09T07:33:00.4692132Z;65
2024-05-09T07:33:00.5398106Z;70
2024-05-09T07:33:00.6079880Z;67
2024-05-09T07:33:00.6746394Z;65
2024-05-09T07:33:00.7431951Z;68
2024-05-09T07:33:00.8139220Z;70
2024-05-09T07:33:00.8853076Z;70
2024-05-09T07:33:00.9599723Z;74
2024-05-09T07:33:01.0272115Z;66
2024-05-09T07:33:01.0911649Z;63
2024-05-09T07:33:01.1583687Z;66
2024-05-09T07:33:01.2222362Z;63
2024-05-09T07:33:01.2897537Z;66
2024-05-09T07:33:01.3599438Z;69
2024-05-09T07:33:01.4287390Z;68
2024-05-09T07:33:01.4977973Z;68
2024-05-09T07:33:01.5633258Z;65
2024-05-09T07:33:01.6288392Z;65
2024-05-09T07:33:01.6927676Z;63
2024-05-09T07:33:01.7582461Z;65
2024-05-09T07:33:01.8237398Z;65
2024-05-09T07:33:01.8892934Z;65
2024-05-09T07:33:01.9548365Z;65
2024-05-09T07:33:02.0205214Z;65
2024-05-09T07:33:02.0894122Z;68
2024-05-09T07:33:02.1566520Z;66
2024-05-09T07:33:02.2394879Z;82
2024-05-09T07:33:02.3045385Z;64
2024-05-09T07:33:02.3700345Z;65
2024-05-09T07:33:02.4355336Z;65
2024-05-09T07:33:02.5030758Z;67
