2024-05-17T13:28:43.5099823Z;9239
2024-05-17T13:28:44.4572411Z;934
2024-05-17T13:28:44.5230514Z;65
2024-05-17T13:28:44.5949544Z;71
2024-05-17T13:28:44.6706444Z;75
2024-05-17T13:28:44.7512721Z;77
2024-05-17T13:28:44.8802227Z;110
2024-05-17T13:28:44.9976694Z;116
2024-05-17T13:28:45.0845682Z;80
2024-05-17T13:28:45.1540736Z;69
2024-05-17T13:28:45.2174722Z;62
2024-05-17T13:28:45.3140186Z;96
2024-05-17T13:28:45.3794905Z;65
2024-05-17T13:28:45.4908762Z;111
2024-05-17T13:28:45.5911602Z;99
2024-05-17T13:28:45.7072263Z;115
2024-05-17T13:28:46.1915474Z;483
2024-05-17T13:28:46.3136624Z;120
2024-05-17T13:28:46.4509544Z;136
2024-05-17T13:28:46.5376587Z;86
2024-05-17T13:28:46.6225284Z;84
2024-05-17T13:28:46.7847908Z;161
2024-05-17T13:28:46.8884023Z;103
2024-05-17T13:28:46.9964647Z;107
2024-05-17T13:28:47.1136850Z;116
2024-05-17T13:28:47.2253414Z;111
2024-05-17T13:28:47.3843725Z;158
2024-05-17T13:28:47.6006452Z;215
2024-05-17T13:28:47.8955769Z;294
2024-05-17T13:28:48.0250230Z;129
2024-05-17T13:28:48.1583467Z;132
2024-05-17T13:28:48.2630648Z;104
2024-05-17T13:28:48.4262544Z;162
2024-05-17T13:28:48.5043977Z;77
2024-05-17T13:28:48.6863454Z;181
2024-05-17T13:28:48.8281625Z;136
2024-05-17T13:28:48.9171105Z;88
2024-05-17T13:28:49.0185122Z;101
2024-05-17T13:28:49.1252158Z;106
2024-05-17T13:28:49.2157735Z;90
2024-05-17T13:28:49.3342404Z;118
2024-05-17T13:28:49.5022621Z;167
2024-05-17T13:28:49.6165869Z;113
2024-05-17T13:28:49.7536122Z;136
2024-05-17T13:28:49.8483706Z;94
2024-05-17T13:28:49.9917032Z;138
2024-05-17T13:28:50.0883331Z;96
2024-05-17T13:28:50.2222974Z;133
2024-05-17T13:28:50.3428491Z;120
2024-05-17T13:28:50.4837898Z;140
2024-05-17T13:28:50.5790961Z;95
2024-05-17T13:28:50.6581159Z;78
2024-05-17T13:28:50.7682505Z;109
2024-05-17T13:28:50.8526098Z;84
2024-05-17T13:28:50.9906750Z;137
2024-05-17T13:28:51.0768463Z;85
2024-05-17T13:28:51.2267958Z;149
2024-05-17T13:28:51.3359242Z;107
2024-05-17T13:28:51.4584441Z;122
2024-05-17T13:28:51.5791472Z;120
2024-05-17T13:28:51.7248388Z;145
2024-05-17T13:28:51.8380509Z;112
2024-05-17T13:28:51.9959420Z;157
2024-05-17T13:28:52.0958193Z;99
2024-05-17T13:28:52.2238427Z;127
2024-05-17T13:28:52.3167573Z;92
2024-05-17T13:28:52.4360249Z;118
2024-05-17T13:28:52.5472140Z;105
2024-05-17T13:28:52.6412330Z;92
2024-05-17T13:28:52.7730403Z;130
2024-05-17T13:28:52.8917278Z;117
2024-05-17T13:28:53.0547803Z;117
2024-05-17T13:28:53.1553246Z;99
2024-05-17T13:28:53.2819167Z;126
2024-05-17T13:28:53.4206709Z;138
2024-05-17T13:28:53.5074079Z;86
2024-05-17T13:28:53.6296784Z;121
2024-05-17T13:28:53.7196597Z;89
2024-05-17T13:28:53.8447565Z;124
2024-05-17T13:28:53.9523347Z;107
2024-05-17T13:28:54.0590514Z;106
2024-05-17T13:28:54.2389256Z;173
2024-05-17T13:28:54.3635481Z;124
2024-05-17T13:28:54.4903441Z;125
2024-05-17T13:28:54.6120149Z;121
2024-05-17T13:28:54.7201120Z;107
2024-05-17T13:28:54.8566397Z;135
2024-05-17T13:28:54.9545389Z;97
2024-05-17T13:28:55.0701278Z;115
2024-05-17T13:28:55.1826573Z;111
2024-05-17T13:28:55.3042362Z;121
2024-05-17T13:28:55.4515636Z;146
2024-05-17T13:28:55.5639642Z;112
2024-05-17T13:28:55.7130149Z;148
2024-05-17T13:28:55.8310731Z;117
2024-05-17T13:28:55.9653241Z;133
2024-05-17T13:28:56.0679041Z;102
2024-05-17T13:28:56.1834230Z;115
2024-05-17T13:28:56.2855425Z;101
2024-05-17T13:28:56.4582627Z;172
2024-05-17T13:28:56.5637865Z;104
2024-05-17T13:28:56.6627749Z;98
2024-05-17T13:28:56.7709535Z;107
2024-05-17T13:28:56.8929621Z;121
2024-05-17T13:28:57.0202242Z;126
2024-05-17T13:28:57.1325254Z;111
2024-05-17T13:28:57.2826256Z;149
2024-05-17T13:28:57.3986651Z;115
2024-05-17T13:28:57.5293927Z;130
2024-05-17T13:28:57.6545421Z;124
2024-05-17T13:28:57.7458446Z;90
2024-05-17T13:28:57.8405742Z;93
2024-05-17T13:28:58.1027968Z;261
2024-05-17T13:28:58.2269455Z;123
2024-05-17T13:28:58.3809678Z;153
2024-05-17T13:28:58.5383135Z;157
2024-05-17T13:28:58.6235830Z;84
2024-05-17T13:28:58.7759987Z;152
2024-05-17T13:28:58.8769295Z;100
2024-05-17T13:28:59.0093564Z;131
2024-05-17T13:28:59.1135724Z;103
2024-05-17T13:28:59.2231876Z;109
2024-05-17T13:28:59.3520984Z;128
2024-05-17T13:28:59.4689856Z;116
2024-05-17T13:28:59.5690843Z;99
2024-05-17T13:28:59.7151929Z;145
2024-05-17T13:28:59.8114900Z;95
2024-05-17T13:28:59.9200805Z;108
2024-05-17T13:29:00.0093528Z;88
2024-05-17T13:29:00.1419757Z;132
2024-05-17T13:29:00.2931488Z;150
2024-05-17T13:29:00.4163630Z;122
2024-05-17T13:29:00.5549488Z;138
2024-05-17T13:29:00.7007960Z;145
2024-05-17T13:29:00.7861031Z;84
2024-05-17T13:29:00.9117135Z;124
2024-05-17T13:29:00.9981863Z;86
2024-05-17T13:29:01.1122723Z;113
2024-05-17T13:29:01.2619598Z;149
2024-05-17T13:29:01.3649819Z;102
2024-05-17T13:29:01.4514050Z;86
2024-05-17T13:29:01.5567632Z;105
2024-05-17T13:29:01.6761961Z;119
2024-05-17T13:29:01.7707958Z;94
2024-05-17T13:29:01.9001874Z;129
2024-05-17T13:29:02.0170811Z;116
2024-05-17T13:29:02.1154212Z;98
2024-05-17T13:29:02.3796991Z;137
2024-05-17T13:29:02.4907052Z;110
2024-05-17T13:29:02.5784668Z;87
2024-05-17T13:29:02.7198836Z;140
2024-05-17T13:29:02.8867696Z;165
2024-05-17T13:29:02.9813085Z;94
2024-05-17T13:29:03.0668783Z;85
2024-05-17T13:29:03.1738285Z;106
2024-05-17T13:29:03.3386525Z;164
2024-05-17T13:29:03.4470176Z;107
2024-05-17T13:29:03.5575679Z;110
2024-05-17T13:29:03.6630011Z;104
2024-05-17T13:29:03.7417801Z;78
2024-05-17T13:29:03.8493228Z;105
2024-05-17T13:29:03.9453217Z;95
2024-05-17T13:29:04.0477324Z;101
2024-05-17T13:29:04.1426832Z;94
2024-05-17T13:29:04.2555708Z;112
2024-05-17T13:29:04.4502308Z;194
2024-05-17T13:29:04.5480691Z;97
2024-05-17T13:29:04.6877444Z;139
2024-05-17T13:29:04.8466638Z;137
2024-05-17T13:29:04.9423307Z;95
2024-05-17T13:29:05.0567446Z;113
2024-05-17T13:29:05.2559494Z;198
2024-05-17T13:29:05.3620246Z;105
2024-05-17T13:29:05.4613399Z;99
2024-05-17T13:29:05.5617825Z;100
2024-05-17T13:29:05.6735935Z;111
2024-05-17T13:29:05.7666239Z;92
2024-05-17T13:29:05.8611214Z;94
2024-05-17T13:29:06.0387660Z;177
2024-05-17T13:29:06.1397561Z;100
2024-05-17T13:29:06.2313749Z;91
2024-05-17T13:29:06.3637551Z;132
2024-05-17T13:29:06.4863047Z;122
2024-05-17T13:29:06.6159580Z;128
2024-05-17T13:29:06.7123537Z;96
2024-05-17T13:29:06.8110219Z;98
2024-05-17T13:29:06.9348402Z;123
2024-05-17T13:29:07.0516301Z;116
2024-05-17T13:29:07.1452982Z;93
2024-05-17T13:29:07.2687853Z;123
2024-05-17T13:29:07.3698118Z;100
2024-05-17T13:29:07.5631112Z;192
2024-05-17T13:29:07.6590364Z;95
2024-05-17T13:29:07.7573949Z;97
2024-05-17T13:29:07.9050462Z;124
2024-05-17T13:29:08.0068454Z;101
2024-05-17T13:29:08.1343347Z;127
2024-05-17T13:29:08.2613299Z;126
2024-05-17T13:29:08.4495427Z;187
2024-05-17T13:29:08.6023314Z;152
2024-05-17T13:29:08.7117751Z;109
2024-05-17T13:29:08.8164631Z;104
2024-05-17T13:29:08.9125975Z;94
2024-05-17T13:29:09.0044391Z;91
2024-05-17T13:29:09.1310226Z;126
2024-05-17T13:29:09.2954528Z;116
2024-05-17T13:29:09.3826196Z;86
2024-05-17T13:29:09.5311598Z;146
2024-05-17T13:29:09.6656750Z;133
2024-05-17T13:29:09.7459053Z;79
2024-05-17T13:29:09.8701517Z;123
2024-05-17T13:29:09.9595174Z;88
2024-05-17T13:29:10.0516136Z;91
2024-05-17T13:29:10.1641527Z;112
2024-05-17T13:29:10.3203012Z;155
2024-05-17T13:29:10.4527148Z;131
2024-05-17T13:29:10.5817027Z;128
2024-05-17T13:29:10.6979912Z;116
2024-05-17T13:29:10.8227275Z;124
2024-05-17T13:29:10.9372563Z;113
2024-05-17T13:29:11.0075680Z;69
2024-05-17T13:29:11.1436303Z;135
2024-05-17T13:29:11.2311574Z;87
2024-05-17T13:29:11.3146462Z;83
2024-05-17T13:29:11.4425222Z;127
2024-05-17T13:29:11.5278694Z;85
2024-05-17T13:29:11.6250361Z;96
2024-05-17T13:29:11.7040159Z;78
2024-05-17T13:29:11.8117958Z;107
2024-05-17T13:29:11.9309405Z;118
2024-05-17T13:29:12.0707365Z;139
2024-05-17T13:29:12.2097979Z;133
2024-05-17T13:29:12.3204761Z;110
2024-05-17T13:29:12.4303083Z;109
2024-05-17T13:29:12.5436116Z;112
2024-05-17T13:29:12.6502863Z;106
2024-05-17T13:29:12.7591947Z;108
2024-05-17T13:29:12.9241225Z;123
2024-05-17T13:29:13.0241890Z;99
2024-05-17T13:29:13.1339463Z;109
2024-05-17T13:29:13.2555134Z;121
2024-05-17T13:29:13.3538660Z;98
2024-05-17T13:29:13.5047932Z;150
2024-05-17T13:29:13.6977598Z;191
2024-05-17T13:29:13.8112943Z;112
2024-05-17T13:29:13.9152767Z;103
2024-05-17T13:29:14.0286615Z;113
2024-05-17T13:29:14.1367478Z;107
2024-05-17T13:29:14.2247354Z;87
2024-05-17T13:29:14.3205298Z;95
2024-05-17T13:29:14.4270918Z;106
2024-05-17T13:29:14.5162661Z;88
2024-05-17T13:29:14.6093690Z;92
2024-05-17T13:29:14.7682281Z;146
2024-05-17T13:29:14.8853662Z;116
2024-05-17T13:29:14.9923760Z;106
2024-05-17T13:29:15.0830045Z;90
2024-05-17T13:29:15.2518864Z;168
2024-05-17T13:29:15.3877742Z;135
2024-05-17T13:29:15.4997150Z;111
2024-05-17T13:29:15.6620251Z;161
2024-05-17T13:29:15.7479873Z;85
2024-05-17T13:29:15.8696132Z;120
2024-05-17T13:29:16.0273603Z;157
2024-05-17T13:29:16.1371307Z;109
2024-05-17T13:29:16.3022510Z;164
2024-05-17T13:29:16.4070998Z;97
2024-05-17T13:29:16.5859856Z;175
2024-05-17T13:29:16.9225593Z;336
2024-05-17T13:29:17.0278214Z;104
2024-05-17T13:29:17.1610600Z;132
2024-05-17T13:29:17.2910307Z;129
2024-05-17T13:29:17.3889264Z;97
2024-05-17T13:29:17.5695858Z;180
2024-05-17T13:29:17.6979009Z;128
2024-05-17T13:29:17.8382279Z;140
2024-05-17T13:29:17.9480546Z;109
2024-05-17T13:29:18.0653742Z;117
2024-05-17T13:29:18.1697829Z;104
2024-05-17T13:29:18.3919575Z;221
2024-05-17T13:29:18.5432363Z;150
2024-05-17T13:29:18.7172199Z;173
2024-05-17T13:29:18.8283183Z;110
2024-05-17T13:29:18.9247356Z;95
2024-05-17T13:29:19.0399112Z;113
2024-05-17T13:29:19.1641905Z;123
2024-05-17T13:29:19.2938386Z;129
2024-05-17T13:29:19.3967055Z;102
2024-05-17T13:29:19.5137122Z;116
2024-05-17T13:29:19.6735626Z;159
2024-05-17T13:29:19.8700322Z;195
2024-05-17T13:29:19.9727480Z;101
2024-05-17T13:29:20.1151522Z;142
2024-05-17T13:29:20.3129024Z;197
2024-05-17T13:29:20.4484417Z;135
2024-05-17T13:29:20.5962974Z;147
2024-05-17T13:29:20.7054284Z;108
2024-05-17T13:29:20.7806624Z;74
2024-05-17T13:29:20.9200862Z;139
2024-05-17T13:29:21.0473286Z;126
2024-05-17T13:29:21.1639210Z;116
2024-05-17T13:29:21.3232722Z;159
2024-05-17T13:29:21.4218208Z;98
2024-05-17T13:29:21.5407596Z;91
2024-05-17T13:29:21.6287625Z;87
2024-05-17T13:29:21.7400962Z;110
2024-05-17T13:29:21.8301200Z;89
2024-05-17T13:29:21.9506216Z;120
2024-05-17T13:29:22.0644729Z;113
2024-05-17T13:29:22.2019387Z;136
2024-05-17T13:29:22.3038004Z;100
2024-05-17T13:29:22.4243110Z;119
2024-05-17T13:29:22.5747817Z;150
2024-05-17T13:29:22.6733534Z;98
2024-05-17T13:29:22.8243549Z;147
2024-05-17T13:29:22.9737271Z;148
2024-05-17T13:29:23.0869387Z;103
2024-05-17T13:29:23.2023802Z;113
2024-05-17T13:29:23.3104447Z;107
2024-05-17T13:29:23.4521762Z;140
2024-05-17T13:29:23.5626905Z;109
2024-05-17T13:29:23.7204594Z;157
2024-05-17T13:29:23.8576610Z;136
2024-05-17T13:29:23.9861864Z;126
2024-05-17T13:29:24.1530995Z;166
2024-05-17T13:29:24.3178695Z;163
2024-05-17T13:29:24.4839501Z;165
2024-05-17T13:29:24.6313043Z;147
2024-05-17T13:29:24.8446285Z;213
2024-05-17T13:29:24.9735177Z;128
2024-05-17T13:29:25.0737058Z;99
2024-05-17T13:29:25.2407775Z;166
2024-05-17T13:29:25.4376210Z;196
2024-05-17T13:29:25.5559628Z;110
2024-05-17T13:29:25.7230891Z;166
2024-05-17T13:29:25.8249625Z;93
2024-05-17T13:29:25.9590539Z;125
2024-05-17T13:29:26.0678275Z;108
2024-05-17T13:29:26.1592983Z;91
2024-05-17T13:29:26.3173188Z;151
2024-05-17T13:29:26.4458352Z;128
2024-05-17T13:29:26.5182478Z;71
2024-05-17T13:29:26.6195921Z;101
2024-05-17T13:29:26.7141925Z;94
2024-05-17T13:29:26.8278987Z;110
2024-05-17T13:29:26.9249931Z;93
2024-05-17T13:29:27.0879975Z;113
2024-05-17T13:29:27.1875837Z;99
2024-05-17T13:29:27.2845416Z;96
2024-05-17T13:29:27.4277527Z;142
2024-05-17T13:29:27.5706517Z;142
2024-05-17T13:29:27.7198724Z;148
2024-05-17T13:29:27.8224679Z;102
2024-05-17T13:29:27.9270346Z;104
2024-05-17T13:29:28.0915300Z;164
2024-05-17T13:29:28.3025061Z;201
2024-05-17T13:29:28.4171845Z;114
2024-05-17T13:29:28.5054061Z;87
2024-05-17T13:29:28.8071881Z;301
2024-05-17T13:29:28.9931580Z;184
2024-05-17T13:29:29.0915858Z;97
2024-05-17T13:29:29.2122788Z;120
2024-05-17T13:29:29.3937646Z;181
2024-05-17T13:29:29.5004724Z;105
2024-05-17T13:29:29.6320141Z;131
2024-05-17T13:29:29.8247087Z;142
2024-05-17T13:29:29.9508889Z;106
2024-05-17T13:29:30.1036244Z;132
2024-05-17T13:29:30.2006062Z;96
2024-05-17T13:29:30.3444216Z;139
2024-05-17T13:29:30.4982190Z;115
2024-05-17T13:29:30.6310336Z;132
2024-05-17T13:29:30.7143440Z;82
2024-05-17T13:29:30.8233220Z;108
2024-05-17T13:29:30.9716770Z;147
2024-05-17T13:29:31.0694511Z;97
2024-05-17T13:29:31.2118934Z;141
2024-05-17T13:29:31.3098797Z;97
2024-05-17T13:29:31.4411828Z;130
2024-05-17T13:29:31.5700148Z;128
2024-05-17T13:29:31.6980890Z;127
2024-05-17T13:29:31.7852340Z;86
2024-05-17T13:29:31.9375606Z;151
2024-05-17T13:29:32.0545627Z;116
2024-05-17T13:29:32.1788658Z;123
2024-05-17T13:29:32.3035880Z;124
2024-05-17T13:29:32.4433409Z;139
2024-05-17T13:29:32.5636908Z;120
2024-05-17T13:29:32.6609103Z;96
2024-05-17T13:29:32.8329783Z;171
2024-05-17T13:29:32.9992473Z;165
2024-05-17T13:29:33.1182886Z;118
2024-05-17T13:29:33.2355007Z;116
2024-05-17T13:29:33.3781505Z;142
2024-05-17T13:29:33.4837088Z;105
2024-05-17T13:29:33.5895404Z;105
2024-05-17T13:29:33.6919294Z;102
2024-05-17T13:29:33.8120501Z;119
2024-05-17T13:29:33.9512914Z;131
2024-05-17T13:29:34.0732010Z;113
2024-05-17T13:29:34.1952361Z;121
2024-05-17T13:29:34.2999716Z;104
2024-05-17T13:29:34.4969747Z;196
2024-05-17T13:29:34.6080613Z;110
2024-05-17T13:29:34.6944808Z;86
2024-05-17T13:29:34.8259602Z;131
2024-05-17T13:29:34.9246291Z;97
2024-05-17T13:29:35.0643746Z;139
2024-05-17T13:29:35.2165517Z;150
2024-05-17T13:29:35.3072404Z;89
2024-05-17T13:29:35.7077333Z;397
2024-05-17T13:29:36.2846774Z;576
2024-05-17T13:29:36.4033757Z;117
2024-05-17T13:29:36.5620208Z;158
2024-05-17T13:29:36.7087651Z;146
2024-05-17T13:29:36.8176525Z;107
2024-05-17T13:29:36.9517283Z;132
2024-05-17T13:29:37.0676363Z;115
2024-05-17T13:29:37.1923535Z;124
2024-05-17T13:29:37.3321141Z;139
2024-05-17T13:29:37.4529243Z;120
2024-05-17T13:29:37.5501632Z;95
2024-05-17T13:29:37.7302950Z;175
2024-05-17T13:29:37.8760735Z;142
2024-05-17T13:29:38.0039616Z;127
2024-05-17T13:29:38.1171111Z;112
2024-05-17T13:29:38.2436106Z;125
2024-05-17T13:29:38.3504332Z;106
2024-05-17T13:29:38.4906233Z;139
2024-05-17T13:29:38.5910992Z;99
2024-05-17T13:29:38.6910180Z;99
2024-05-17T13:29:38.8191689Z;126
2024-05-17T13:29:38.9211478Z;101
2024-05-17T13:29:39.0682331Z;146
2024-05-17T13:29:39.1854568Z;116
2024-05-17T13:29:39.2716048Z;85
2024-05-17T13:29:39.3798145Z;107
2024-05-17T13:29:39.4903793Z;110
2024-05-17T13:29:39.5812040Z;84
2024-05-17T13:29:39.7169754Z;135
2024-05-17T13:29:39.8678394Z;149
2024-05-17T13:29:39.9907426Z;122
2024-05-17T13:29:40.1218915Z;130
2024-05-17T13:29:40.2647987Z;134
2024-05-17T13:29:40.3852947Z;120
2024-05-17T13:29:40.4857899Z;100
2024-05-17T13:29:40.6635169Z;177
2024-05-17T13:29:40.7552111Z;91
2024-05-17T13:29:40.8800672Z;124
2024-05-17T13:29:41.0223957Z;141
2024-05-17T13:29:41.1165449Z;91
2024-05-17T13:29:41.2290815Z;110
2024-05-17T13:29:41.4085956Z;179
2024-05-17T13:29:41.4770336Z;67
2024-05-17T13:29:41.5911338Z;113
2024-05-17T13:29:41.7127787Z;120
2024-05-17T13:29:41.8191976Z;106
2024-05-17T13:29:41.9294786Z;109
2024-05-17T13:29:42.0488094Z;119
2024-05-17T13:29:42.1999860Z;150
2024-05-17T13:29:42.3041345Z;103
2024-05-17T13:29:42.4419424Z;137
2024-05-17T13:29:42.5485712Z;106
2024-05-17T13:29:42.6660274Z;117
2024-05-17T13:29:42.7817311Z;115
2024-05-17T13:29:42.9483744Z;166
2024-05-17T13:29:43.0661189Z;114
2024-05-17T13:29:43.1706736Z;104
2024-05-17T13:29:43.3724680Z;201
2024-05-17T13:29:43.4488325Z;76
2024-05-17T13:29:43.6705868Z;221
2024-05-17T13:29:43.8319856Z;161
2024-05-17T13:29:43.9249981Z;92
2024-05-17T13:29:44.0467861Z;119
2024-05-17T13:29:44.1856623Z;130
2024-05-17T13:29:44.2915450Z;105
2024-05-17T13:29:44.4172535Z;123
2024-05-17T13:29:44.6223992Z;202
2024-05-17T13:29:44.7547666Z;131
2024-05-17T13:29:44.9765812Z;221
2024-05-17T13:29:45.1944484Z;208
2024-05-17T13:29:45.3668396Z;171
2024-05-17T13:29:45.4501332Z;82
2024-05-17T13:29:45.6297243Z;175
2024-05-17T13:29:45.7436667Z;113
2024-05-17T13:29:45.8785225Z;134
2024-05-17T13:29:46.0001661Z;121
2024-05-17T13:29:46.0969974Z;89
2024-05-17T13:29:46.2269292Z;129
2024-05-17T13:29:46.3537146Z;126
2024-05-17T13:29:46.4767597Z;122
2024-05-17T13:29:46.5882114Z;110
2024-05-17T13:29:46.7165596Z;127
2024-05-17T13:29:46.8155923Z;98
2024-05-17T13:29:46.9161927Z;100
2024-05-17T13:29:47.1459139Z;112
2024-05-17T13:29:47.2544649Z;108
2024-05-17T13:29:47.3628555Z;107
2024-05-17T13:29:47.5052187Z;140
2024-05-17T13:29:47.6221002Z;116
2024-05-17T13:29:47.7627823Z;139
2024-05-17T13:29:47.9310596Z;167
2024-05-17T13:29:48.0326717Z;101
2024-05-17T13:29:48.1873291Z;153
2024-05-17T13:29:48.3546355Z;166
2024-05-17T13:29:48.5340209Z;178
2024-05-17T13:29:48.7296137Z;187
2024-05-17T13:29:48.8625372Z;132
2024-05-17T13:29:49.1503373Z;287
2024-05-17T13:29:49.4157202Z;265
2024-05-17T13:29:49.6799065Z;263
2024-05-17T13:29:49.7832213Z;102
2024-05-17T13:29:49.8959019Z;112
2024-05-17T13:29:50.0601969Z;163
2024-05-17T13:29:50.1610421Z;99
2024-05-17T13:29:50.2718709Z;109
2024-05-17T13:29:50.4028420Z;130
2024-05-17T13:29:50.5321382Z;128
2024-05-17T13:29:50.6227669Z;90
2024-05-17T13:29:50.7332036Z;110
2024-05-17T13:29:50.8718341Z;138
2024-05-17T13:29:51.0104344Z;138
2024-05-17T13:29:51.1085427Z;97
2024-05-17T13:29:51.2611782Z;151
2024-05-17T13:29:51.4032898Z;134
2024-05-17T13:29:51.4903147Z;86
2024-05-17T13:29:51.5737672Z;80
2024-05-17T13:29:51.6640168Z;89
2024-05-17T13:29:51.8256421Z;161
2024-05-17T13:29:51.9151899Z;89
2024-05-17T13:29:52.0897544Z;174
2024-05-17T13:29:52.1867375Z;80
2024-05-17T13:29:52.3525619Z;165
2024-05-17T13:29:52.4758668Z;122
2024-05-17T13:29:52.6110060Z;127
2024-05-17T13:29:52.7766101Z;165
2024-05-17T13:29:52.8961226Z;119
2024-05-17T13:29:53.0127770Z;116
2024-05-17T13:29:53.1442809Z;131
2024-05-17T13:29:53.3520317Z;207
2024-05-17T13:29:53.5481568Z;195
2024-05-17T13:29:53.6581192Z;97
2024-05-17T13:29:53.8128144Z;154
2024-05-17T13:29:53.9076796Z;94
2024-05-17T13:29:54.0249690Z;116
2024-05-17T13:29:54.1171312Z;91
2024-05-17T13:29:54.2416418Z;124
2024-05-17T13:29:54.4010274Z;157
2024-05-17T13:29:54.5454736Z;143
2024-05-17T13:29:54.6667572Z;120
2024-05-17T13:29:54.7953029Z;128
2024-05-17T13:29:54.9246713Z;128
2024-05-17T13:29:55.0184251Z;93
2024-05-17T13:29:55.1463313Z;127
2024-05-17T13:29:55.2610859Z;114
2024-05-17T13:29:55.3601486Z;98
2024-05-17T13:29:55.4757472Z;115
2024-05-17T13:29:55.6361923Z;157
2024-05-17T13:29:55.7861307Z;149
2024-05-17T13:29:55.9382791Z;151
2024-05-17T13:29:56.0311737Z;92
2024-05-17T13:29:56.1786511Z;146
2024-05-17T13:29:56.2756078Z;96
2024-05-17T13:29:56.4160396Z;140
2024-05-17T13:29:56.5288396Z;112
2024-05-17T13:29:56.6290914Z;100
2024-05-17T13:29:56.8257092Z;194
2024-05-17T13:29:56.9360047Z;109
2024-05-17T13:29:57.0332412Z;96
2024-05-17T13:29:57.2304702Z;196
2024-05-17T13:29:57.3556859Z;124
2024-05-17T13:29:57.4822105Z;126
2024-05-17T13:29:57.6246511Z;142
2024-05-17T13:29:57.7290875Z;104
2024-05-17T13:29:57.8723474Z;140
2024-05-17T13:29:57.9801705Z;107
2024-05-17T13:29:58.0768410Z;96
2024-05-17T13:29:58.2127196Z;135
2024-05-17T13:29:58.3127650Z;99
2024-05-17T13:29:58.5033282Z;190
2024-05-17T13:29:58.6101952Z;104
2024-05-17T13:29:58.7085019Z;97
2024-05-17T13:29:58.8271597Z;118
2024-05-17T13:29:58.9719197Z;144
2024-05-17T13:29:59.0889636Z;116
2024-05-17T13:29:59.2469300Z;150
2024-05-17T13:29:59.3508059Z;103
2024-05-17T13:29:59.4697213Z;112
2024-05-17T13:29:59.5961844Z;125
2024-05-17T13:29:59.7627629Z;110
2024-05-17T13:29:59.8470675Z;81
2024-05-17T13:29:59.9875761Z;140
2024-05-17T13:30:00.1749271Z;187
2024-05-17T13:30:00.2635786Z;88
2024-05-17T13:30:00.4104518Z;146
2024-05-17T13:30:00.5595487Z;148
2024-05-17T13:30:00.6702977Z;110
2024-05-17T13:30:00.7757298Z;104
2024-05-17T13:30:00.9554603Z;179
2024-05-17T13:30:01.0745718Z;118
2024-05-17T13:30:01.1889494Z;114
2024-05-17T13:30:01.3164764Z;127
2024-05-17T13:30:01.4436164Z;126
2024-05-17T13:30:01.6029180Z;158
2024-05-17T13:30:01.7238745Z;120
2024-05-17T13:30:01.8057733Z;80
2024-05-17T13:30:01.9497457Z;142
2024-05-17T13:30:02.0340725Z;84
2024-05-17T13:30:02.1520014Z;116
2024-05-17T13:30:02.2671693Z;114
2024-05-17T13:30:02.3812797Z;113
2024-05-17T13:30:02.5641405Z;182
2024-05-17T13:30:02.6809511Z;113
2024-05-17T13:30:02.7788633Z;91
2024-05-17T13:30:02.8892911Z;110
2024-05-17T13:30:03.0110707Z;121
2024-05-17T13:30:03.1032953Z;90
2024-05-17T13:30:03.2060186Z;102
2024-05-17T13:30:03.4341825Z;227
2024-05-17T13:30:03.5637820Z;129
2024-05-17T13:30:03.7022677Z;138
2024-05-17T13:30:03.8043828Z;101
2024-05-17T13:30:03.9352758Z;130
2024-05-17T13:30:04.0337653Z;98
2024-05-17T13:30:04.1849280Z;150
2024-05-17T13:30:04.3349906Z;149
2024-05-17T13:30:04.4803730Z;143
2024-05-17T13:30:04.5817678Z;101
2024-05-17T13:30:04.6856962Z;103
2024-05-17T13:30:04.8041989Z;118
2024-05-17T13:30:04.9447177Z;140
2024-05-17T13:30:05.1085557Z;163
2024-05-17T13:30:05.1983921Z;89
2024-05-17T13:30:05.3108805Z;111
2024-05-17T13:30:05.4347939Z;123
2024-05-17T13:30:05.5405834Z;105
2024-05-17T13:30:05.6215027Z;80
2024-05-17T13:30:05.7770623Z;154
2024-05-17T13:30:05.9163467Z;138
2024-05-17T13:30:06.0773864Z;160
2024-05-17T13:30:06.1875170Z;109
2024-05-17T13:30:06.3478858Z;160
2024-05-17T13:30:06.4618163Z;113
2024-05-17T13:30:06.6108965Z;148
2024-05-17T13:30:06.7448035Z;133
2024-05-17T13:30:06.8672433Z;120
2024-05-17T13:30:06.9893487Z;121
2024-05-17T13:30:07.0879104Z;98
2024-05-17T13:30:07.2485935Z;160
2024-05-17T13:30:07.3817161Z;132
2024-05-17T13:30:07.5039818Z;121
2024-05-17T13:30:07.7408916Z;236
2024-05-17T13:30:07.8646559Z;123
2024-05-17T13:30:07.9764564Z;111
2024-05-17T13:30:08.1039877Z;127
2024-05-17T13:30:08.2928952Z;188
2024-05-17T13:30:08.4562938Z;161
2024-05-17T13:30:08.5411519Z;84
2024-05-17T13:30:08.7141023Z;172
2024-05-17T13:30:08.8683037Z;153
2024-05-17T13:30:08.9979150Z;129
2024-05-17T13:30:09.1507396Z;152
2024-05-17T13:30:09.2361757Z;85
2024-05-17T13:30:09.3713164Z;134
2024-05-17T13:30:09.4847059Z;112
2024-05-17T13:30:09.5978426Z;109
2024-05-17T13:30:09.6961706Z;94
2024-05-17T13:30:09.8024965Z;102
2024-05-17T13:30:09.9383412Z;135
2024-05-17T13:30:10.1108032Z;170
2024-05-17T13:30:10.2499020Z;138
2024-05-17T13:30:10.3523852Z;102
2024-05-17T13:30:10.4827025Z;129
2024-05-17T13:30:10.6682946Z;116
2024-05-17T13:30:10.7950529Z;124
2024-05-17T13:30:10.9203592Z;124
2024-05-17T13:30:11.0244352Z;103
2024-05-17T13:30:11.1822474Z;157
2024-05-17T13:30:11.2891699Z;106
2024-05-17T13:30:11.4384569Z;148
2024-05-17T13:30:11.5675675Z;128
2024-05-17T13:30:11.6502804Z;82
2024-05-17T13:30:11.8270877Z;176
2024-05-17T13:30:11.9092145Z;81
2024-05-17T13:30:12.0641933Z;152
2024-05-17T13:30:12.2202918Z;153
2024-05-17T13:30:12.3262649Z;105
2024-05-17T13:30:12.4926933Z;166
2024-05-17T13:30:12.6105251Z;117
2024-05-17T13:30:12.6917589Z;80
2024-05-17T13:30:12.8643379Z;172
2024-05-17T13:30:12.9547792Z;89
2024-05-17T13:30:13.0801211Z;124
2024-05-17T13:30:13.1534666Z;72
2024-05-17T13:30:13.3767005Z;205
2024-05-17T13:30:13.4655716Z;87
2024-05-17T13:30:13.5621055Z;96
2024-05-17T13:30:13.7101047Z;143
2024-05-17T13:30:13.7918543Z;79
2024-05-17T13:30:13.8954115Z;103
2024-05-17T13:30:13.9902763Z;94
2024-05-17T13:30:14.1314440Z;140
2024-05-17T13:30:14.2608768Z;129
2024-05-17T13:30:14.3603617Z;99
2024-05-17T13:30:14.4707196Z;109
2024-05-17T13:30:14.5823049Z;110
2024-05-17T13:30:14.6839073Z;101
2024-05-17T13:30:14.8110236Z;126
2024-05-17T13:30:14.9759412Z;164
2024-05-17T13:30:15.0560325Z;79
2024-05-17T13:30:15.2150232Z;153
2024-05-17T13:30:15.3543924Z;139
2024-05-17T13:30:15.4301310Z;75
2024-05-17T13:30:15.5877985Z;151
2024-05-17T13:30:15.7418984Z;153
2024-05-17T13:30:15.8597187Z;117
2024-05-17T13:30:15.9977503Z;137
2024-05-17T13:30:16.1170405Z;110
2024-05-17T13:30:16.2631657Z;145
2024-05-17T13:30:16.4113825Z;146
2024-05-17T13:30:16.5551669Z;143
2024-05-17T13:30:16.7358259Z;180
2024-05-17T13:30:16.8504442Z;114
2024-05-17T13:30:16.9841194Z;133
2024-05-17T13:30:17.1019360Z;116
2024-05-17T13:30:17.2233052Z;120
2024-05-17T13:30:17.3624182Z;138
2024-05-17T13:30:17.4709748Z;108
2024-05-17T13:30:17.5732113Z;100
2024-05-17T13:30:17.7080825Z;134
2024-05-17T13:30:17.8802281Z;170
2024-05-17T13:30:17.9929940Z;112
2024-05-17T13:30:18.1009521Z;107
2024-05-17T13:30:18.2352753Z;133
2024-05-17T13:30:18.3509695Z;115
2024-05-17T13:30:18.5040294Z;150
2024-05-17T13:30:18.6327613Z;128
2024-05-17T13:30:18.7327367Z;99
2024-05-17T13:30:18.8176341Z;83
2024-05-17T13:30:18.9788495Z;160
2024-05-17T13:30:19.0835618Z;103
2024-05-17T13:30:19.2209107Z;137
2024-05-17T13:30:19.3818857Z;158
2024-05-17T13:30:19.6262950Z;243
2024-05-17T13:30:20.0255954Z;396
2024-05-17T13:30:20.1650830Z;138
2024-05-17T13:30:20.3758418Z;210
2024-05-17T13:30:20.5472192Z;171
2024-05-17T13:30:20.6662727Z;118
2024-05-17T13:30:20.8095000Z;132
2024-05-17T13:30:20.9926418Z;173
2024-05-17T13:30:21.1644188Z;171
2024-05-17T13:30:21.2412771Z;75
2024-05-17T13:30:21.4028364Z;160
2024-05-17T13:30:21.5354247Z;132
2024-05-17T13:30:21.6932909Z;157
2024-05-17T13:30:21.8231873Z;129
2024-05-17T13:30:21.9339511Z;110
2024-05-17T13:30:22.0674406Z;129
2024-05-17T13:30:22.1886418Z;120
2024-05-17T13:30:22.2841267Z;95
2024-05-17T13:30:22.3834044Z;98
2024-05-17T13:30:22.4967447Z;112
2024-05-17T13:30:22.6332912Z;136
2024-05-17T13:30:22.7292119Z;95
2024-05-17T13:30:22.8326099Z;103
2024-05-17T13:30:22.9805245Z;138
2024-05-17T13:30:23.0886118Z;107
2024-05-17T13:30:23.1835826Z;94
2024-05-17T13:30:23.5123289Z;328
2024-05-17T13:30:23.6543971Z;141
2024-05-17T13:30:23.7807361Z;125
2024-05-17T13:30:23.8722938Z;91
2024-05-17T13:30:24.0133769Z;140
2024-05-17T13:30:24.1506797Z;136
2024-05-17T13:30:24.2560669Z;105
2024-05-17T13:30:24.4367278Z;180
2024-05-17T13:30:24.5530029Z;115
2024-05-17T13:30:24.6786141Z;125
2024-05-17T13:30:24.8019176Z;122
2024-05-17T13:30:24.9238470Z;121
2024-05-17T13:30:25.0780971Z;153
2024-05-17T13:30:25.2984531Z;219
2024-05-17T13:30:25.4456243Z;146
2024-05-17T13:30:25.5981887Z;152
2024-05-17T13:30:25.6990740Z;86
2024-05-17T13:30:25.7917178Z;88
2024-05-17T13:30:25.9110169Z;118
2024-05-17T13:30:26.1179350Z;206
2024-05-17T13:30:26.2117279Z;93
2024-05-17T13:30:26.3138891Z;101
2024-05-17T13:30:26.4368679Z;122
2024-05-17T13:30:26.5417980Z;104
2024-05-17T13:30:26.6472912Z;104
2024-05-17T13:30:26.7620748Z;110
2024-05-17T13:30:26.8818657Z;117
2024-05-17T13:30:27.5636801Z;104
2024-05-17T13:30:27.7018445Z;90
2024-05-17T13:30:27.8604779Z;158
2024-05-17T13:30:27.9809935Z;120
2024-05-17T13:30:28.1177447Z;133
2024-05-17T13:30:28.2917393Z;173
2024-05-17T13:30:28.3963654Z;104
2024-05-17T13:30:28.5464539Z;149
2024-05-17T13:30:28.6516109Z;103
2024-05-17T13:30:28.8117037Z;159
2024-05-17T13:30:29.0188692Z;206
2024-05-17T13:30:29.1540792Z;134
2024-05-17T13:30:29.2463895Z;92
2024-05-17T13:30:29.4486191Z;201
2024-05-17T13:30:29.5638156Z;114
2024-05-17T13:30:29.7261438Z;161
2024-05-17T13:30:29.8102420Z;83
2024-05-17T13:30:29.9727239Z;118
2024-05-17T13:30:30.1286379Z;143
2024-05-17T13:30:30.2269831Z;94
2024-05-17T13:30:30.3583860Z;119
2024-05-17T13:30:30.4768265Z;115
2024-05-17T13:30:30.5668619Z;89
2024-05-17T13:30:30.7033179Z;136
2024-05-17T13:30:30.7883074Z;80
2024-05-17T13:30:30.9026804Z;114
2024-05-17T13:30:31.0340525Z;130
2024-05-17T13:30:31.1182060Z;83
2024-05-17T13:30:31.2677515Z;149
2024-05-17T13:30:31.3582658Z;90
2024-05-17T13:30:31.5468372Z;188
2024-05-17T13:30:31.6629409Z;115
2024-05-17T13:30:31.8408311Z;177
2024-05-17T13:30:32.0965478Z;255
2024-05-17T13:30:32.2498149Z;151
2024-05-17T13:30:32.4101453Z;159
2024-05-17T13:30:32.4982396Z;87
2024-05-17T13:30:32.6826374Z;183
2024-05-17T13:30:32.7880268Z;103
2024-05-17T13:30:32.9217755Z;133
2024-05-17T13:30:33.2476147Z;325
2024-05-17T13:30:33.4206060Z;172
2024-05-17T13:30:33.6469215Z;225
2024-05-17T13:30:33.7621704Z;114
2024-05-17T13:30:33.9149699Z;152
2024-05-17T13:30:34.1116392Z;196
2024-05-17T13:30:34.1865838Z;73
2024-05-17T13:30:34.3967195Z;209
2024-05-17T13:30:34.5124213Z;114
2024-05-17T13:30:34.6472046Z;134
2024-05-17T13:30:34.7656757Z;118
2024-05-17T13:30:34.8870819Z;119
2024-05-17T13:30:34.9982111Z;110
2024-05-17T13:30:35.1323087Z;133
2024-05-17T13:30:35.2378437Z;105
2024-05-17T13:30:35.3363281Z;95
2024-05-17T13:30:35.4254258Z;88
2024-05-17T13:30:35.5534504Z;126
2024-05-17T13:30:35.6561764Z;102
2024-05-17T13:30:35.7544399Z;97
2024-05-17T13:30:35.9651935Z;210
2024-05-17T13:30:36.0891624Z;123
2024-05-17T13:30:36.2216725Z;132
2024-05-17T13:30:36.3582165Z;136
2024-05-17T13:30:36.4873946Z;128
2024-05-17T13:30:36.6100997Z;122
2024-05-17T13:30:36.7480795Z;137
2024-05-17T13:30:36.8582569Z;107
2024-05-17T13:30:37.1655612Z;303
2024-05-17T13:30:37.2960744Z;125
2024-05-17T13:30:37.4658065Z;169
2024-05-17T13:30:37.5479761Z;81
2024-05-17T13:30:37.7358148Z;187
2024-05-17T13:30:37.8597644Z;123
2024-05-17T13:30:37.9626279Z;100
2024-05-17T13:30:38.0850541Z;121
2024-05-17T13:30:38.2063896Z;121
2024-05-17T13:30:38.3055563Z;90
2024-05-17T13:30:38.4214262Z;115
2024-05-17T13:30:38.5254144Z;103
2024-05-17T13:30:38.6615950Z;135
2024-05-17T13:30:38.7845308Z;121
2024-05-17T13:30:38.8667485Z;81
2024-05-17T13:30:38.9921612Z;124
2024-05-17T13:30:39.1118724Z;118
2024-05-17T13:30:39.2382550Z;125
2024-05-17T13:30:39.3336793Z;94
2024-05-17T13:30:39.4391089Z;105
2024-05-17T13:30:39.5422293Z;102
2024-05-17T13:30:39.6401273Z;97
2024-05-17T13:30:39.7763905Z;135
2024-05-17T13:30:39.8853248Z;108
2024-05-17T13:30:40.0275404Z;141
2024-05-17T13:30:40.1473498Z;119
2024-05-17T13:30:40.3055269Z;157
2024-05-17T13:30:40.4175760Z;111
2024-05-17T13:30:40.5340546Z;116
2024-05-17T13:30:40.7472046Z;212
2024-05-17T13:30:40.8672838Z;119
2024-05-17T13:30:40.9912756Z;123
2024-05-17T13:30:41.1339149Z;141
2024-05-17T13:30:41.2510471Z;114
2024-05-17T13:30:41.3802944Z;128
2024-05-17T13:30:41.5257966Z;145
2024-05-17T13:30:41.6172381Z;91
2024-05-17T13:30:41.8103863Z;192
2024-05-17T13:30:41.9075618Z;96
2024-05-17T13:30:42.0328976Z;72
2024-05-17T13:30:42.1564742Z;123
2024-05-17T13:30:42.2641795Z;107
2024-05-17T13:30:42.3860396Z;120
2024-05-17T13:30:42.5601359Z;172
2024-05-17T13:30:42.6843140Z;116
2024-05-17T13:30:42.8023386Z;117
2024-05-17T13:30:42.8925297Z;89
2024-05-17T13:30:42.9965098Z;103
2024-05-17T13:30:43.1007733Z;103
2024-05-17T13:30:43.3157435Z;214
2024-05-17T13:30:43.3935243Z;77
2024-05-17T13:30:43.5203125Z;126
2024-05-17T13:30:43.6588796Z;138
2024-05-17T13:30:43.8064353Z;147
2024-05-17T13:30:43.9176881Z;110
2024-05-17T13:30:44.0521738Z;134
2024-05-17T13:30:44.2853296Z;232
2024-05-17T13:30:44.4514668Z;165
2024-05-17T13:30:44.5694632Z;116
2024-05-17T13:30:44.7499388Z;180
2024-05-17T13:30:44.8732053Z;122
2024-05-17T13:30:44.9767429Z;103
2024-05-17T13:30:45.1079262Z;130
2024-05-17T13:30:45.2208019Z;112
2024-05-17T13:30:45.3963425Z;175
2024-05-17T13:30:45.4738302Z;77
2024-05-17T13:30:45.6037431Z;129
2024-05-17T13:30:45.7292968Z;124
2024-05-17T13:30:45.8381782Z;96
2024-05-17T13:30:45.9565050Z;101
2024-05-17T13:30:46.0632781Z;106
2024-05-17T13:30:46.1785923Z;114
2024-05-17T13:30:46.2957843Z;105
2024-05-17T13:30:46.4281279Z;121
2024-05-17T13:30:46.5526013Z;124
2024-05-17T13:30:46.6521308Z;99
2024-05-17T13:30:46.7762336Z;123
2024-05-17T13:30:46.8797286Z;103
2024-05-17T13:30:46.9916807Z;110
2024-05-17T13:30:47.1267557Z;85
2024-05-17T13:30:47.2334511Z;102
2024-05-17T13:30:47.3611730Z;112
2024-05-17T13:30:47.4428746Z;75
2024-05-17T13:30:47.6587175Z;170
2024-05-17T13:30:47.7999438Z;140
2024-05-17T13:30:47.9234805Z;123
2024-05-17T13:30:48.0960812Z;164
2024-05-17T13:30:48.2397941Z;143
2024-05-17T13:30:48.3447775Z;101
2024-05-17T13:30:48.4933562Z;148
2024-05-17T13:30:48.6319003Z;138
2024-05-17T13:30:48.7619960Z;129
2024-05-17T13:30:48.8655659Z;103
2024-05-17T13:30:49.0413451Z;175
2024-05-17T13:30:49.1304123Z;88
2024-05-17T13:30:49.3605196Z;229
2024-05-17T13:30:49.4569075Z;96
2024-05-17T13:30:49.5568181Z;99
2024-05-17T13:30:49.6716173Z;114
2024-05-17T13:30:49.8251578Z;152
2024-05-17T13:30:49.9447835Z;119
2024-05-17T13:30:50.0946771Z;148
2024-05-17T13:30:50.2136807Z;116
2024-05-17T13:30:50.3729207Z;156
2024-05-17T13:30:50.4866993Z;113
2024-05-17T13:30:50.7136972Z;226
2024-05-17T13:30:50.9764169Z;262
2024-05-17T13:30:51.1150946Z;138
2024-05-17T13:30:51.2415510Z;124
2024-05-17T13:30:51.3521235Z;109
2024-05-17T13:30:51.4948557Z;141
2024-05-17T13:30:51.5754286Z;77
2024-05-17T13:30:51.7097222Z;134
2024-05-17T13:30:51.8264662Z;113
2024-05-17T13:30:51.9273939Z;100
2024-05-17T13:30:52.0696923Z;141
2024-05-17T13:30:52.2372183Z;167
2024-05-17T13:30:52.3955210Z;157
2024-05-17T13:30:52.4852837Z;88
2024-05-17T13:30:52.6929075Z;207
2024-05-17T13:30:52.7891937Z;95
2024-05-17T13:30:52.9290975Z;139
2024-05-17T13:30:53.0817904Z;142
2024-05-17T13:30:53.2422585Z;160
2024-05-17T13:30:53.3929405Z;150
2024-05-17T13:30:53.5710014Z;177
2024-05-17T13:30:53.6682439Z;96
2024-05-17T13:30:53.7815959Z;112
2024-05-17T13:30:53.9220265Z;140
2024-05-17T13:30:54.0220337Z;99
2024-05-17T13:30:54.1329206Z;110
2024-05-17T13:30:54.2706561Z;137
2024-05-17T13:30:54.3891816Z;118
2024-05-17T13:30:54.4866275Z;97
2024-05-17T13:30:54.6041224Z;117
2024-05-17T13:30:54.7220029Z;117
2024-05-17T13:30:54.8297242Z;107
2024-05-17T13:30:54.9414554Z;111
2024-05-17T13:30:55.0814279Z;139
2024-05-17T13:30:55.1883644Z;106
2024-05-17T13:30:55.3026030Z;113
2024-05-17T13:30:55.4159939Z;113
2024-05-17T13:30:55.5103769Z;93
2024-05-17T13:30:55.6052293Z;94
2024-05-17T13:30:55.8825531Z;195
2024-05-17T13:30:56.0539477Z;171
2024-05-17T13:30:56.2557630Z;201
2024-05-17T13:30:56.3764910Z;120
2024-05-17T13:30:56.5071307Z;130
2024-05-17T13:30:56.6032753Z;95
2024-05-17T13:30:56.7710528Z;167
2024-05-17T13:30:56.8728197Z;101
2024-05-17T13:30:56.9998540Z;126
2024-05-17T13:30:57.1022789Z;102
2024-05-17T13:30:57.2377501Z;135
2024-05-17T13:30:57.3680758Z;129
2024-05-17T13:30:57.5277239Z;143
2024-05-17T13:30:57.6729564Z;144
2024-05-17T13:30:57.7953800Z;122
2024-05-17T13:30:57.8767767Z;80
2024-05-17T13:30:58.0452287Z;156
2024-05-17T13:30:58.1807269Z;108
2024-05-17T13:30:58.2625546Z;81
2024-05-17T13:30:58.3931612Z;130
2024-05-17T13:30:58.4976083Z;104
2024-05-17T13:30:58.6078694Z;109
2024-05-17T13:30:58.7187909Z;110
2024-05-17T13:30:58.8615610Z;142
2024-05-17T13:30:58.9778617Z;115
2024-05-17T13:30:59.1658257Z;187
2024-05-17T13:30:59.3118269Z;145
2024-05-17T13:30:59.4046553Z;92
2024-05-17T13:30:59.5273048Z;121
2024-05-17T13:30:59.6728421Z;144
2024-05-17T13:30:59.7839130Z;110
2024-05-17T13:30:59.9446842Z;160
2024-05-17T13:31:00.1093605Z;164
2024-05-17T13:31:00.2311760Z;121
2024-05-17T13:31:00.3652153Z;132
2024-05-17T13:31:00.5401742Z;174
2024-05-17T13:31:00.6708203Z;130
2024-05-17T13:31:00.8157408Z;144
2024-05-17T13:31:00.9208969Z;104
2024-05-17T13:31:01.0311899Z;109
2024-05-17T13:31:01.1652915Z;133
2024-05-17T13:31:01.2506084Z;84
2024-05-17T13:31:01.4114248Z;160
2024-05-17T13:31:01.5151627Z;103
2024-05-17T13:31:01.6381461Z;111
2024-05-17T13:31:01.7292670Z;85
2024-05-17T13:31:01.8331126Z;98
2024-05-17T13:31:01.9222235Z;88
2024-05-17T13:31:02.0389569Z;115
2024-05-17T13:31:02.1443100Z;105
2024-05-17T13:31:02.2502694Z;105
2024-05-17T13:31:02.4001126Z;148
2024-05-17T13:31:02.5119354Z;111
2024-05-17T13:31:02.6304038Z;118
2024-05-17T13:31:02.7242618Z;91
2024-05-17T13:31:02.8506805Z;121
2024-05-17T13:31:02.9876573Z;136
2024-05-17T13:31:03.1523457Z;163
2024-05-17T13:31:03.2962835Z;143
2024-05-17T13:31:03.4647757Z;168
2024-05-17T13:31:03.5534220Z;87
2024-05-17T13:31:03.7342849Z;180
2024-05-17T13:31:03.9019729Z;167
2024-05-17T13:31:04.0752060Z;169
2024-05-17T13:31:04.1888443Z;113
2024-05-17T13:31:04.3257924Z;136
2024-05-17T13:31:04.4980448Z;170
2024-05-17T13:31:04.7068653Z;208
2024-05-17T13:31:04.7970103Z;89
2024-05-17T13:31:04.9358579Z;138
2024-05-17T13:31:05.0836610Z;147
2024-05-17T13:31:05.2441193Z;152
2024-05-17T13:31:05.3443000Z;99
2024-05-17T13:31:05.4410247Z;96
2024-05-17T13:31:05.5553133Z;113
2024-05-17T13:31:05.6586019Z;98
2024-05-17T13:31:05.7428370Z;82
2024-05-17T13:31:05.8867745Z;142
2024-05-17T13:31:06.0180436Z;130
2024-05-17T13:31:06.1492820Z;130
2024-05-17T13:31:06.2758636Z;122
2024-05-17T13:31:06.4038690Z;124
2024-05-17T13:31:06.5007563Z;96
2024-05-17T13:31:06.6089492Z;107
2024-05-17T13:31:06.7272474Z;117
2024-05-17T13:31:06.8583308Z;130
2024-05-17T13:31:06.9839541Z;125
2024-05-17T13:31:07.1162016Z;131
2024-05-17T13:31:07.2295608Z;113
2024-05-17T13:31:07.3259316Z;96
2024-05-17T13:31:07.4635030Z;137
2024-05-17T13:31:07.6254077Z;161
2024-05-17T13:31:07.7335513Z;107
2024-05-17T13:31:07.8616825Z;127
2024-05-17T13:31:07.9947345Z;132
2024-05-17T13:31:08.1576372Z;162
2024-05-17T13:31:08.2208003Z;62
2024-05-17T13:31:08.4180637Z;197
2024-05-17T13:31:08.5518010Z;132
2024-05-17T13:31:08.7236912Z;147
2024-05-17T13:31:08.9276037Z;201
2024-05-17T13:31:09.0898430Z;161
2024-05-17T13:31:09.2311344Z;140
2024-05-17T13:31:09.3689801Z;135
2024-05-17T13:31:09.4864508Z;117
2024-05-17T13:31:09.5573530Z;70
2024-05-17T13:31:09.7011484Z;141
2024-05-17T13:31:09.8301728Z;127
2024-05-17T13:31:09.9496029Z;118
2024-05-17T13:31:10.0456412Z;95
2024-05-17T13:31:10.1321446Z;84
2024-05-17T13:31:10.2536509Z;121
2024-05-17T13:31:10.3628189Z;108
2024-05-17T13:31:10.4461045Z;82
2024-05-17T13:31:10.5987120Z;152
2024-05-17T13:31:10.6867292Z;87
2024-05-17T13:31:10.7716940Z;84
2024-05-17T13:31:10.9141154Z;139
2024-05-17T13:31:11.0593416Z;142
2024-05-17T13:31:11.2067166Z;146
2024-05-17T13:31:11.3668648Z;159
2024-05-17T13:31:11.4709124Z;103
2024-05-17T13:31:11.5890093Z;117
2024-05-17T13:31:11.7366828Z;147
2024-05-17T13:31:11.8182459Z;81
2024-05-17T13:31:11.9580832Z;139
2024-05-17T13:31:12.1268372Z;167
2024-05-17T13:31:12.2848882Z;155
2024-05-17T13:31:12.4269064Z;141
2024-05-17T13:31:12.5224372Z;94
2024-05-17T13:31:12.6436403Z;120
2024-05-17T13:31:12.7574296Z;113
2024-05-17T13:31:12.8757334Z;117
2024-05-17T13:31:13.0221521Z;135
2024-05-17T13:31:13.1809499Z;158
2024-05-17T13:31:13.3699183Z;188
2024-05-17T13:31:13.4600848Z;87
2024-05-17T13:31:13.5452412Z;83
2024-05-17T13:31:13.6396815Z;93
2024-05-17T13:31:13.7491536Z;108
2024-05-17T13:31:13.8758701Z;124
2024-05-17T13:31:13.9972484Z;121
2024-05-17T13:31:14.0799679Z;82
2024-05-17T13:31:14.2422056Z;161
2024-05-17T13:31:14.3508904Z;108
2024-05-17T13:31:14.4631841Z;111
2024-05-17T13:31:14.5875196Z;123
2024-05-17T13:31:14.6917042Z;103
2024-05-17T13:31:14.8021507Z;109
2024-05-17T13:31:14.9371746Z;127
2024-05-17T13:31:15.0637615Z;126
2024-05-17T13:31:15.2512897Z;186
2024-05-17T13:31:15.4144332Z;162
2024-05-17T13:31:15.5339404Z;119
2024-05-17T13:31:15.7974284Z;263
2024-05-17T13:31:15.9206851Z;122
2024-05-17T13:31:16.0154933Z;94
2024-05-17T13:31:16.1577270Z;141
2024-05-17T13:31:16.3324274Z;174
2024-05-17T13:31:16.4591302Z;126
2024-05-17T13:31:16.6224654Z;162
2024-05-17T13:31:16.7355224Z;112
2024-05-17T13:31:16.8344919Z;98
2024-05-17T13:31:16.9825638Z;147
2024-05-17T13:31:17.0625152Z;79
2024-05-17T13:31:17.2001684Z;137
2024-05-17T13:31:17.3048493Z;103
2024-05-17T13:31:17.4023809Z;97
2024-05-17T13:31:17.4939769Z;91
2024-05-17T13:31:17.6219743Z;127
2024-05-17T13:31:17.7396911Z;117
2024-05-17T13:31:17.8411659Z;101
2024-05-17T13:31:17.9629730Z;121
2024-05-17T13:31:18.0520173Z;88
2024-05-17T13:31:18.1806343Z;127
2024-05-17T13:31:18.2842954Z;102
2024-05-17T13:31:18.3840376Z;99
2024-05-17T13:31:18.5007942Z;113
2024-05-17T13:31:18.6077708Z;106
2024-05-17T13:31:18.7965016Z;188
2024-05-17T13:31:18.9294330Z;132
2024-05-17T13:31:19.0499598Z;111
2024-05-17T13:31:19.2982161Z;247
2024-05-17T13:31:19.3876726Z;81
2024-05-17T13:31:19.5545605Z;166
2024-05-17T13:31:19.7710636Z;208
2024-05-17T13:31:19.8389556Z;60
2024-05-17T13:31:20.1335878Z;291
2024-05-17T13:31:20.4136801Z;269
2024-05-17T13:31:20.5493978Z;135
2024-05-17T13:31:20.6454287Z;95
2024-05-17T13:31:20.7745734Z;128
2024-05-17T13:31:20.8960383Z;121
2024-05-17T13:31:21.0359329Z;139
2024-05-17T13:31:21.1587859Z;122
2024-05-17T13:31:21.4534331Z;294
2024-05-17T13:31:21.6392918Z;184
2024-05-17T13:31:21.7744349Z;134
2024-05-17T13:31:21.9426550Z;167
2024-05-17T13:31:22.0466108Z;103
2024-05-17T13:31:22.2683078Z;174
2024-05-17T13:31:22.3794787Z;110
2024-05-17T13:31:22.5047699Z;124
2024-05-17T13:31:22.6041423Z;97
2024-05-17T13:31:22.7334810Z;128
2024-05-17T13:31:22.8246301Z;90
2024-05-17T13:31:22.9575583Z;132
2024-05-17T13:31:23.0776011Z;119
2024-05-17T13:31:23.1851381Z;106
2024-05-17T13:31:23.3839450Z;198
2024-05-17T13:31:23.5713990Z;187
2024-05-17T13:31:23.7073525Z;135
2024-05-17T13:31:23.8207330Z;113
2024-05-17T13:31:23.9641230Z;143
2024-05-17T13:31:24.1017914Z;137
2024-05-17T13:31:24.2925711Z;187
2024-05-17T13:31:24.4174725Z;116
2024-05-17T13:31:24.5779269Z;160
2024-05-17T13:31:24.6891915Z;109
2024-05-17T13:31:24.8177922Z;128
2024-05-17T13:31:24.9090183Z;89
2024-05-17T13:31:25.1028900Z;193
2024-05-17T13:31:25.2630096Z;159
2024-05-17T13:31:25.4805731Z;217
2024-05-17T13:31:25.6057418Z;122
2024-05-17T13:31:25.7216909Z;115
2024-05-17T13:31:25.8175860Z;95
2024-05-17T13:31:25.9349666Z;116
2024-05-17T13:31:26.0598162Z;124
2024-05-17T13:31:26.3728337Z;190
2024-05-17T13:31:26.5395276Z;166
2024-05-17T13:31:26.6411546Z;101
2024-05-17T13:31:26.7537623Z;111
2024-05-17T13:31:26.8869677Z;132
2024-05-17T13:31:26.9703161Z;82
2024-05-17T13:31:27.1149218Z;143
2024-05-17T13:31:27.1998713Z;84
2024-05-17T13:31:27.3277410Z;127
2024-05-17T13:31:27.4394372Z;111
2024-05-17T13:31:27.5875962Z;147
2024-05-17T13:31:27.7195645Z;131
2024-05-17T13:31:27.8543433Z;134
2024-05-17T13:31:27.9514458Z;96
2024-05-17T13:31:28.0846456Z;132
2024-05-17T13:31:28.2507978Z;165
2024-05-17T13:31:28.4793505Z;228
2024-05-17T13:31:28.6023241Z;121
2024-05-17T13:31:28.7638440Z;161
2024-05-17T13:31:28.8949579Z;130
2024-05-17T13:31:29.0119621Z;116
2024-05-17T13:31:29.2723809Z;260
2024-05-17T13:31:29.4433959Z;167
2024-05-17T13:31:29.6314076Z;187
2024-05-17T13:31:29.7796652Z;147
2024-05-17T13:31:29.9489781Z;169
2024-05-17T13:31:30.0224166Z;73
2024-05-17T13:31:30.1453964Z;121
2024-05-17T13:31:30.2630135Z;117
2024-05-17T13:31:30.4364387Z;173
2024-05-17T13:31:30.5500171Z;113
2024-05-17T13:31:30.6498268Z;99
2024-05-17T13:31:30.7724143Z;122
2024-05-17T13:31:30.8733691Z;100
2024-05-17T13:31:30.9719790Z;98
2024-05-17T13:31:31.1186508Z;146
2024-05-17T13:31:31.2518994Z;132
2024-05-17T13:31:31.3930264Z;139
2024-05-17T13:31:31.4941798Z;100
2024-05-17T13:31:31.5753965Z;80
2024-05-17T13:31:31.6817540Z;105
2024-05-17T13:31:31.7921161Z;109
2024-05-17T13:31:31.9434690Z;151
2024-05-17T13:31:32.1038405Z;160
2024-05-17T13:31:32.3759734Z;271
2024-05-17T13:31:32.5078726Z;128
2024-05-17T13:31:32.7281036Z;219
2024-05-17T13:31:32.8083939Z;78
2024-05-17T13:31:32.9639652Z;153
2024-05-17T13:31:33.0826081Z;110
2024-05-17T13:31:33.2164589Z;133
2024-05-17T13:31:33.4110222Z;194
2024-05-17T13:31:33.5616499Z;150
2024-05-17T13:31:33.6524854Z;90
2024-05-17T13:31:33.8324694Z;179
2024-05-17T13:31:33.9937257Z;160
2024-05-17T13:31:34.0942193Z;100
2024-05-17T13:31:34.1912510Z;96
2024-05-17T13:31:34.3627039Z;171
2024-05-17T13:31:34.4622243Z;98
2024-05-17T13:31:34.5761910Z;113
2024-05-17T13:31:34.6809964Z;104
2024-05-17T13:31:34.7617173Z;79
2024-05-17T13:31:34.8800081Z;117
2024-05-17T13:31:34.9937610Z;113
2024-05-17T13:31:35.0822881Z;88
2024-05-17T13:31:35.2261590Z;143
2024-05-17T13:31:35.3501829Z;123
2024-05-17T13:31:35.5060453Z;153
2024-05-17T13:31:35.5953267Z;88
2024-05-17T13:31:35.7196158Z;123
2024-05-17T13:31:35.8524692Z;132
2024-05-17T13:31:35.9374250Z;84
2024-05-17T13:31:36.2152166Z;277
2024-05-17T13:31:36.4074111Z;191
2024-05-17T13:31:36.4951202Z;87
2024-05-17T13:31:36.6539851Z;156
2024-05-17T13:31:36.7724740Z;117
2024-05-17T13:31:36.9668250Z;193
2024-05-17T13:31:37.1009578Z;133
2024-05-17T13:31:37.1880552Z;83
2024-05-17T13:31:37.3690072Z;180
2024-05-17T13:31:37.4845038Z;115
2024-05-17T13:31:37.6053008Z;120
2024-05-17T13:31:37.7473541Z;141
2024-05-17T13:31:37.8594690Z;111
2024-05-17T13:31:37.9601183Z;99
2024-05-17T13:31:38.1325254Z;170
2024-05-17T13:31:38.2512952Z;118
2024-05-17T13:31:38.3723167Z;120
2024-05-17T13:31:38.5042878Z;131
2024-05-17T13:31:38.6194524Z;114
2024-05-17T13:31:38.7466809Z;125
2024-05-17T13:31:38.8241076Z;76
2024-05-17T13:31:38.9637040Z;139
2024-05-17T13:31:39.0741291Z;105
2024-05-17T13:31:39.1654123Z;90
2024-05-17T13:31:39.2699069Z;103
2024-05-17T13:31:39.3818167Z;111
2024-05-17T13:31:39.4763365Z;94
2024-05-17T13:31:39.5522497Z;75
2024-05-17T13:31:39.6916643Z;138
2024-05-17T13:31:39.8064474Z;114
2024-05-17T13:31:39.9013963Z;94
2024-05-17T13:31:40.0397601Z;137
2024-05-17T13:31:40.1887200Z;148
2024-05-17T13:31:40.2781335Z;89
2024-05-17T13:31:40.4074137Z;128
2024-05-17T13:31:40.5834761Z;173
2024-05-17T13:31:40.7064711Z;122
2024-05-17T13:31:40.7869140Z;80
2024-05-17T13:31:40.9217223Z;133
2024-05-17T13:31:41.0532581Z;131
2024-05-17T13:31:41.1449939Z;91
2024-05-17T13:31:41.2684768Z;123
2024-05-17T13:31:41.4086396Z;139
2024-05-17T13:31:41.5212652Z;112
2024-05-17T13:31:41.6246128Z;103
2024-05-17T13:31:41.7487829Z;123
2024-05-17T13:31:41.8471923Z;98
2024-05-17T13:31:41.9605546Z;112
2024-05-17T13:31:42.1635772Z;142
2024-05-17T13:31:42.2502125Z;86
2024-05-17T13:31:42.3946102Z;135
2024-05-17T13:31:42.5697859Z;105
2024-05-17T13:31:42.6744413Z;104
2024-05-17T13:31:42.7848364Z;110
2024-05-17T13:31:42.8936999Z;107
2024-05-17T13:31:43.0173278Z;123
2024-05-17T13:31:43.0879284Z;70
2024-05-17T13:31:43.2240408Z;135
2024-05-17T13:31:43.4484334Z;144
2024-05-17T13:31:43.6083881Z;158
2024-05-17T13:31:43.7352708Z;126
2024-05-17T13:31:43.8963163Z;160
2024-05-17T13:31:44.0256126Z;128
2024-05-17T13:31:44.1220016Z;96
2024-05-17T13:31:44.3099458Z;187
2024-05-17T13:31:44.4155397Z;104
2024-05-17T13:31:44.5320226Z;116
2024-05-17T13:31:44.6779254Z;145
2024-05-17T13:31:44.8181864Z;139
2024-05-17T13:31:44.9325555Z;114
2024-05-17T13:31:45.0594543Z;126
2024-05-17T13:31:45.1722942Z;112
2024-05-17T13:31:45.3391731Z;160
2024-05-17T13:31:45.4976085Z;157
2024-05-17T13:31:45.5811123Z;83
2024-05-17T13:31:45.7229655Z;141
2024-05-17T13:31:45.8337254Z;110
2024-05-17T13:31:45.9653849Z;129
2024-05-17T13:31:46.0740009Z;108
2024-05-17T13:31:46.2028933Z;128
2024-05-17T13:31:46.2984831Z;93
2024-05-17T13:31:46.4361366Z;125
2024-05-17T13:31:46.5454766Z;108
2024-05-17T13:31:46.6879228Z;140
2024-05-17T13:31:46.7868173Z;98
2024-05-17T13:31:46.9136337Z;122
2024-05-17T13:31:46.9965087Z;82
2024-05-17T13:31:47.1396409Z;142
2024-05-17T13:31:47.2411734Z;101
2024-05-17T13:31:47.3516426Z;110
2024-05-17T13:31:47.5253167Z;173
2024-05-17T13:31:47.6319819Z;106
2024-05-17T13:31:47.7450027Z;112
2024-05-17T13:31:47.8701833Z;107
2024-05-17T13:31:49.2337771Z;1359
2024-05-17T13:31:49.4027287Z;168
2024-05-17T13:31:49.4972869Z;89
2024-05-17T13:31:49.6261695Z;128
2024-05-17T13:31:49.7574371Z;130
2024-05-17T13:31:49.8793863Z;117
2024-05-17T13:31:49.9900245Z;110
2024-05-17T13:31:50.0785340Z;88
2024-05-17T13:31:50.2204261Z;140
2024-05-17T13:31:50.3233209Z;102
2024-05-17T13:31:50.4634982Z;139
2024-05-17T13:31:50.5566850Z;92
2024-05-17T13:31:50.6616753Z;104
2024-05-17T13:31:50.7789575Z;116
2024-05-17T13:31:50.8649528Z;85
2024-05-17T13:31:51.0340738Z;168
2024-05-17T13:31:51.1469814Z;112
2024-05-17T13:31:51.2815828Z;131
2024-05-17T13:31:51.4070351Z;125
2024-05-17T13:31:51.5394717Z;132
2024-05-17T13:31:51.6266937Z;86
2024-05-17T13:31:51.7289607Z;101
2024-05-17T13:31:51.9289815Z;199
2024-05-17T13:31:52.1328770Z;203
2024-05-17T13:31:52.3676717Z;234
2024-05-17T13:31:52.6126370Z;244
2024-05-17T13:31:52.9839288Z;370
2024-05-17T13:31:53.1249545Z;140
2024-05-17T13:31:53.3104150Z;182
2024-05-17T13:31:53.4375275Z;126
2024-05-17T13:31:53.6232750Z;184
2024-05-17T13:31:53.8547058Z;231
2024-05-17T13:31:53.9734830Z;118
2024-05-17T13:31:54.0735558Z;99
2024-05-17T13:31:54.1978871Z;123
2024-05-17T13:31:54.3191156Z;116
2024-05-17T13:31:54.4657923Z;146
2024-05-17T13:31:54.5737733Z;107
2024-05-17T13:31:54.6922328Z;117
2024-05-17T13:31:54.7972246Z;103
2024-05-17T13:31:54.8976240Z;100
2024-05-17T13:31:54.9800877Z;82
2024-05-17T13:31:55.0594714Z;79
2024-05-17T13:31:55.2218108Z;161
2024-05-17T13:31:55.3192070Z;97
2024-05-17T13:31:55.4275695Z;108
2024-05-17T13:31:55.5258040Z;97
2024-05-17T13:31:55.6575646Z;131
2024-05-17T13:31:55.7710890Z;112
2024-05-17T13:31:56.0478542Z;276
2024-05-17T13:31:56.2009239Z;152
2024-05-17T13:31:56.3194188Z;118
2024-05-17T13:31:56.4736926Z;153
2024-05-17T13:31:56.6303614Z;156
2024-05-17T13:31:57.0974070Z;356
2024-05-17T13:31:57.3262185Z;200
2024-05-17T13:31:57.4341411Z;107
2024-05-17T13:31:57.6852107Z;248
2024-05-17T13:31:57.7864772Z;100
2024-05-17T13:31:57.8967895Z;109
2024-05-17T13:31:58.0352995Z;138
2024-05-17T13:31:58.1789520Z;143
2024-05-17T13:31:58.3322917Z;151
2024-05-17T13:31:58.4780982Z;145
2024-05-17T13:31:58.5662733Z;87
2024-05-17T13:31:58.6881483Z;120
2024-05-17T13:31:58.7861276Z;97
2024-05-17T13:31:58.8819118Z;95
2024-05-17T13:31:58.9785491Z;96
2024-05-17T13:31:59.0768422Z;97
2024-05-17T13:31:59.1868841Z;109
2024-05-17T13:31:59.2763723Z;89
2024-05-17T13:31:59.3804604Z;103
2024-05-17T13:31:59.5248168Z;144
2024-05-17T13:31:59.6676842Z;142
2024-05-17T13:31:59.7485335Z;79
2024-05-17T13:31:59.8441025Z;66
2024-05-17T13:31:59.9645054Z;119
2024-05-17T13:32:00.1055752Z;140
2024-05-17T13:32:00.2023360Z;96
2024-05-17T13:32:00.3408145Z;138
2024-05-17T13:32:00.4799125Z;138
2024-05-17T13:32:00.6052657Z;124
2024-05-17T13:32:00.7302804Z;124
2024-05-17T13:32:00.8137542Z;83
2024-05-17T13:32:01.0063702Z;192
2024-05-17T13:32:01.1446460Z;137
2024-05-17T13:32:01.2357893Z;90
2024-05-17T13:32:01.3753069Z;139
2024-05-17T13:32:01.4643550Z;88
2024-05-17T13:32:01.5992503Z;134
2024-05-17T13:32:01.6956455Z;94
2024-05-17T13:32:01.7905409Z;94
2024-05-17T13:32:01.8860865Z;95
2024-05-17T13:32:02.0382547Z;151
2024-05-17T13:32:02.1173904Z;78
2024-05-17T13:32:02.2398613Z;121
2024-05-17T13:32:02.3870812Z;146
2024-05-17T13:32:02.5075746Z;120
2024-05-17T13:32:02.6355208Z;127
2024-05-17T13:32:02.7868372Z;150
2024-05-17T13:32:02.8745317Z;83
2024-05-17T13:32:02.9998660Z;125
2024-05-17T13:32:03.0912241Z;91
2024-05-17T13:32:03.1940924Z;101
2024-05-17T13:32:03.3352227Z;140
2024-05-17T13:32:03.4605388Z;125
2024-05-17T13:32:03.5527611Z;90
2024-05-17T13:32:03.7017605Z;148
2024-05-17T13:32:03.8134449Z;111
2024-05-17T13:32:03.9243716Z;110
2024-05-17T13:32:04.0338526Z;109
2024-05-17T13:32:04.1426719Z;106
2024-05-17T13:32:04.2632133Z;118
2024-05-17T13:32:04.4534356Z;159
2024-05-17T13:32:04.5151550Z;61
2024-05-17T13:32:04.7494367Z;233
2024-05-17T13:32:04.8416081Z;91
2024-05-17T13:32:04.9504763Z;108
2024-05-17T13:32:05.1021355Z;151
2024-05-17T13:32:05.2128538Z;110
2024-05-17T13:32:05.3183768Z;105
2024-05-17T13:32:05.4572738Z;138
2024-05-17T13:32:05.6162032Z;157
2024-05-17T13:32:05.7289822Z;112
2024-05-17T13:32:05.8457067Z;116
2024-05-17T13:32:05.9352071Z;86
2024-05-17T13:32:06.0332923Z;97
2024-05-17T13:32:06.1460292Z;112
2024-05-17T13:32:06.2427545Z;96
2024-05-17T13:32:06.3408203Z;97
2024-05-17T13:32:06.4617521Z;120
2024-05-17T13:32:06.5460678Z;83
2024-05-17T13:32:06.7412559Z;194
2024-05-17T13:32:06.8314896Z;89
2024-05-17T13:32:06.9109564Z;79
2024-05-17T13:32:07.0469739Z;135
2024-05-17T13:32:07.1635404Z;116
2024-05-17T13:32:07.2690104Z;104
2024-05-17T13:32:07.4083613Z;138
2024-05-17T13:32:07.5324642Z;123
2024-05-17T13:32:07.6633515Z;130
2024-05-17T13:32:07.7892768Z;112
2024-05-17T13:32:07.9842508Z;194
2024-05-17T13:32:08.1675590Z;182
2024-05-17T13:32:08.2554120Z;87
2024-05-17T13:32:08.4309947Z;175
2024-05-17T13:32:08.5524081Z;120
2024-05-17T13:32:08.6515199Z;98
2024-05-17T13:32:08.7981247Z;146
2024-05-17T13:32:08.9483904Z;149
2024-05-17T13:32:09.0683940Z;119
2024-05-17T13:32:09.1816405Z;112
2024-05-17T13:32:09.3204151Z;137
2024-05-17T13:32:09.3996967Z;78
2024-05-17T13:32:09.5038190Z;84
2024-05-17T13:32:09.5886452Z;84
2024-05-17T13:32:09.6884047Z;99
2024-05-17T13:32:09.8160193Z;127
2024-05-17T13:32:09.8927163Z;76
2024-05-17T13:32:09.9939495Z;100
2024-05-17T13:32:10.1058540Z;111
2024-05-17T13:32:10.2133858Z;106
2024-05-17T13:32:10.3349537Z;120
2024-05-17T13:32:10.4227655Z;87
2024-05-17T13:32:10.5153618Z;92
2024-05-17T13:32:10.6431463Z;114
2024-05-17T13:32:10.8702157Z;166
2024-05-17T13:32:10.9969653Z;115
2024-05-17T13:32:11.1446177Z;146
2024-05-17T13:32:11.3742924Z;229
2024-05-17T13:32:11.4977100Z;123
2024-05-17T13:32:11.6641931Z;140
2024-05-17T13:32:11.7432754Z;76
2024-05-17T13:32:11.8791349Z;135
2024-05-17T13:32:12.0330469Z;153
2024-05-17T13:32:12.2096531Z;176
2024-05-17T13:32:12.3623571Z;152
2024-05-17T13:32:12.4869715Z;124
2024-05-17T13:32:12.6199793Z;132
2024-05-17T13:32:12.8058527Z;178
2024-05-17T13:32:12.9086148Z;102
2024-05-17T13:32:13.0434931Z;134
2024-05-17T13:32:13.1927062Z;148
2024-05-17T13:32:13.3612638Z;168
2024-05-17T13:32:13.5334243Z;141
2024-05-17T13:32:13.6292465Z;95
2024-05-17T13:32:13.6965715Z;66
2024-05-17T13:32:13.7926292Z;93
2024-05-17T13:32:13.8687451Z;75
2024-05-17T13:32:13.9776359Z;108
2024-05-17T13:32:14.0474547Z;69
2024-05-17T13:32:14.1266221Z;78
2024-05-17T13:32:14.1887721Z;61
2024-05-17T13:32:14.2969978Z;104
2024-05-17T13:32:14.4310955Z;119
2024-05-17T13:32:14.5202274Z;88
2024-05-17T13:32:14.5946987Z;73
2024-05-17T13:32:14.7135292Z;117
2024-05-17T13:32:14.8243825Z;110
2024-05-17T13:32:14.9296731Z;104
2024-05-17T13:32:15.0362470Z;106
2024-05-17T13:32:15.1498103Z;112
2024-05-17T13:32:15.2694483Z;117
2024-05-17T13:32:15.4283145Z;156
2024-05-17T13:32:15.5910648Z;162
2024-05-17T13:32:15.7828185Z;191
2024-05-17T13:32:15.9093700Z;126
2024-05-17T13:32:16.0064544Z;96
2024-05-17T13:32:16.1526217Z;129
2024-05-17T13:32:16.2892706Z;136
2024-05-17T13:32:16.3807325Z;91
2024-05-17T13:32:16.4552251Z;73
2024-05-17T13:32:16.6107712Z;155
2024-05-17T13:32:16.7775233Z;158
2024-05-17T13:32:16.9244973Z;146
2024-05-17T13:32:17.1196321Z;194
2024-05-17T13:32:17.4323497Z;302
2024-05-17T13:32:18.3121430Z;850
2024-05-17T13:32:18.4094250Z;96
2024-05-17T13:32:18.5628779Z;111
2024-05-17T13:32:18.6993173Z;135
2024-05-17T13:32:18.8400517Z;139
2024-05-17T13:32:18.9417283Z;101
2024-05-17T13:32:19.0754096Z;129
2024-05-17T13:32:19.1804121Z;99
2024-05-17T13:32:19.3351663Z;154
2024-05-17T13:32:19.4460388Z;108
2024-05-17T13:32:19.5849766Z;122
2024-05-17T13:32:19.6912503Z;105
2024-05-17T13:32:19.8243319Z;132
2024-05-17T13:32:19.9274031Z;102
2024-05-17T13:32:20.0266629Z;98
2024-05-17T13:32:20.1542501Z;127
2024-05-17T13:32:20.2590207Z;104
2024-05-17T13:32:20.3890515Z;128
2024-05-17T13:32:20.6127090Z;223
2024-05-17T13:32:20.6982546Z;85
2024-05-17T13:32:20.8350786Z;136
2024-05-17T13:32:20.9906728Z;155
2024-05-17T13:32:21.1576537Z;166
2024-05-17T13:32:21.5197551Z;349
2024-05-17T13:32:21.6574119Z;137
2024-05-17T13:32:21.7765286Z;118
2024-05-17T13:32:21.9039486Z;125
2024-05-17T13:32:22.0473965Z;143
2024-05-17T13:32:22.1457216Z;98
2024-05-17T13:32:22.3164598Z;170
2024-05-17T13:32:22.4458860Z;129
2024-05-17T13:32:22.5577222Z;111
2024-05-17T13:32:22.6801179Z;121
2024-05-17T13:32:22.7845014Z;104
2024-05-17T13:32:22.8600174Z;75
2024-05-17T13:32:22.9971673Z;136
2024-05-17T13:32:23.1639897Z;166
2024-05-17T13:32:23.3882014Z;223
2024-05-17T13:32:23.5262832Z;137
2024-05-17T13:32:23.6327858Z;106
2024-05-17T13:32:23.7398361Z;106
2024-05-17T13:32:23.8651415Z;124
2024-05-17T13:32:23.9803617Z;114
2024-05-17T13:32:24.1148638Z;134
2024-05-17T13:32:24.2403610Z;125
2024-05-17T13:32:24.3568765Z;116
2024-05-17T13:32:24.5096858Z;152
2024-05-17T13:32:24.6333333Z;122
2024-05-17T13:32:24.7772429Z;143
2024-05-17T13:32:24.9081950Z;130
2024-05-17T13:32:25.0243238Z;115
2024-05-17T13:32:25.1624744Z;137
2024-05-17T13:32:25.2499716Z;87
2024-05-17T13:32:25.4065091Z;156
2024-05-17T13:32:25.5328859Z;126
2024-05-17T13:32:25.6796665Z;146
2024-05-17T13:32:25.7834642Z;103
2024-05-17T13:32:25.9155490Z;131
2024-05-17T13:32:26.0360772Z;120
2024-05-17T13:32:26.1762202Z;139
2024-05-17T13:32:26.3089559Z;132
2024-05-17T13:32:26.4252489Z;116
2024-05-17T13:32:26.5274188Z;101
2024-05-17T13:32:26.6412929Z;113
